parliament_id;leg_period_start;leg_period_end;level;country_abb;region_abb;leg_period;assembly_name;assembly_abb;coalition_parties;previous_parliament;next_parliament
CH_NT-NR_1911;04dec1911;06dec1914;NT;CH;NA;22;Nationalrat;NR;;NA;CH_NT-NR_1914
CH_NT-NR_1914;07dec1914;02dec1917;NT;CH;NA;23;Nationalrat;NR;;CH_NT-NR_1911;CH_NT-NR_1917
CH_NT-NR_1917;03dec1917;30nov1919;NT;CH;NA;24;Nationalrat;NR;;CH_NT-NR_1914;CH_NT-NR_1919
CH_NT-NR_1919;01dec1919;03dec1922;NT;CH;NA;25;Nationalrat;NR;;CH_NT-NR_1917;CH_NT-NR_1922
CH_NT-NR_1922;04dec1922;06dec1925;NT;CH;NA;26;Nationalrat;NR;;CH_NT-NR_1919;CH_NT-NR_1925
CH_NT-NR_1925;07dec1925;02dec1928;NT;CH;NA;27;Nationalrat;NR;;CH_NT-NR_1922;CH_NT-NR_1928
CH_NT-NR_1928;03dec1928;06dec1931;NT;CH;NA;28;Nationalrat;NR;;CH_NT-NR_1925;CH_NT-NR_1931
CH_NT-NR_1931;07dec1931;01dec1935;NT;CH;NA;29;Nationalrat;NR;;CH_NT-NR_1928;CH_NT-NR_1935
CH_NT-NR_1935;02dec1935;03dec1939;NT;CH;NA;30;Nationalrat;NR;;CH_NT-NR_1931;CH_NT-NR_1939
CH_NT-NR_1939;04dec1939;05dec1943;NT;CH;NA;31;Nationalrat;NR;;CH_NT-NR_1935;CH_NT-NR_1943
CH_NT-NR_1943;06dec1943;30nov1947;NT;CH;NA;32;Nationalrat;NR;;CH_NT-NR_1939;CH_NT-NR_1947
CH_NT-NR_1947;01dec1947;02dec1951;NT;CH;NA;33;Nationalrat;NR;;CH_NT-NR_1943;CH_NT-NR_1951
CH_NT-NR_1951;03dec1951;04dec1955;NT;CH;NA;34;Nationalrat;NR;;CH_NT-NR_1947;CH_NT-NR_1955
CH_NT-NR_1955;05dec1955;06dec1959;NT;CH;NA;35;Nationalrat;NR;;CH_NT-NR_1951;CH_NT-NR_1959
CH_NT-NR_1959;07dec1959;01dec1963;NT;CH;NA;36;Nationalrat;NR;;CH_NT-NR_1955;CH_NT-NR_1963
CH_NT-NR_1963;02dec1963;03dec1967;NT;CH;NA;37;Nationalrat;NR;;CH_NT-NR_1959;CH_NT-NR_1967
CH_NT-NR_1967;04dec1967;28nov1971;NT;CH;NA;38;Nationalrat;NR;;CH_NT-NR_1963;CH_NT-NR_1971
CH_NT-NR_1971;29nov1971;30nov1975;NT;CH;NA;39;Nationalrat;NR;;CH_NT-NR_1967;CH_NT-NR_1975
CH_NT-NR_1975;01dec1975;25nov1979;NT;CH;NA;40;Nationalrat;NR;;CH_NT-NR_1971;CH_NT-NR_1979
CH_NT-NR_1979;26nov1979;27nov1983;NT;CH;NA;41;Nationalrat;NR;;CH_NT-NR_1975;CH_NT-NR_1983
CH_NT-NR_1983;28nov1983;29nov1987;NT;CH;NA;42;Nationalrat;NR;;CH_NT-NR_1979;CH_NT-NR_1987
CH_NT-NR_1987;30nov1987;24nov1991;NT;CH;NA;43;Nationalrat;NR;;CH_NT-NR_1983;CH_NT-NR_1991
CH_NT-NR_1991;25nov1991;03dec1995;NT;CH;NA;44;Nationalrat;NR;;CH_NT-NR_1987;CH_NT-NR_1995
CH_NT-NR_1995;04dec1995;05dec1999;NT;CH;NA;45;Nationalrat;NR;;CH_NT-NR_1991;CH_NT-NR_1999
CH_NT-NR_1999;06dec1999;30nov2003;NT;CH;NA;46;Nationalrat;NR;;CH_NT-NR_1995;CH_NT-NR_2003
CH_NT-NR_2003;01dec2003;02dec2007;NT;CH;NA;47;Nationalrat;NR;;CH_NT-NR_1999;CH_NT-NR_2007
CH_NT-NR_2007;03dec2007;04dec2011;NT;CH;NA;48;Nationalrat;NR;;CH_NT-NR_2003;CH_NT-NR_2011
CH_NT-NR_2011;05dec2011;29nov2015;NT;CH;NA;49;Nationalrat;NR;;CH_NT-NR_2007;CH_NT-NR_2015
CH_NT-NR_2015;30nov2015;19oct2019;NT;CH;NA;50;Nationalrat;NR;;CH_NT-NR_2011;CH_NT-NR_2019
CH_NT-NR_2019;20oct2019;NA;NT;CH;NA;50;Nationalrat;NR;;CH_NT-NR_2015;CH_NT-NR_2023
CH_NT-SR_1911;04dec1911;06dec1914;NT;CH;NA;22;Staenderat;SR;;NA;CH_NT-SR_1914
CH_NT-SR_1914;07dec1914;02dec1917;NT;CH;NA;23;Staenderat;SR;;CH_NT-SR_1911;CH_NT-SR_1917
CH_NT-SR_1917;03dec1917;30nov1919;NT;CH;NA;24;Staenderat;SR;;CH_NT-SR_1914;CH_NT-SR_1919
CH_NT-SR_1919;01dec1919;03dec1922;NT;CH;NA;25;Staenderat;SR;;CH_NT-SR_1917;CH_NT-SR_1922
CH_NT-SR_1922;04dec1922;06dec1925;NT;CH;NA;26;Staenderat;SR;;CH_NT-SR_1919;CH_NT-SR_1925
CH_NT-SR_1925;07dec1925;02dec1928;NT;CH;NA;27;Staenderat;SR;;CH_NT-SR_1922;CH_NT-SR_1928
CH_NT-SR_1928;03dec1928;06dec1931;NT;CH;NA;28;Staenderat;SR;;CH_NT-SR_1925;CH_NT-SR_1931
CH_NT-SR_1931;07dec1931;01dec1935;NT;CH;NA;29;Staenderat;SR;;CH_NT-SR_1928;CH_NT-SR_1935
CH_NT-SR_1935;02dec1935;03dec1939;NT;CH;NA;30;Staenderat;SR;;CH_NT-SR_1931;CH_NT-SR_1939
CH_NT-SR_1939;04dec1939;05dec1943;NT;CH;NA;31;Staenderat;SR;;CH_NT-SR_1935;CH_NT-SR_1943
CH_NT-SR_1943;06dec1943;30nov1947;NT;CH;NA;32;Staenderat;SR;;CH_NT-SR_1939;CH_NT-SR_1947
CH_NT-SR_1947;01dec1947;02dec1951;NT;CH;NA;33;Staenderat;SR;;CH_NT-SR_1943;CH_NT-SR_1951
CH_NT-SR_1951;03dec1951;04dec1955;NT;CH;NA;34;Staenderat;SR;;CH_NT-SR_1947;CH_NT-SR_1955
CH_NT-SR_1955;05dec1955;06dec1959;NT;CH;NA;35;Staenderat;SR;;CH_NT-SR_1951;CH_NT-SR_1959
CH_NT-SR_1959;07dec1959;01dec1963;NT;CH;NA;36;Staenderat;SR;;CH_NT-SR_1955;CH_NT-SR_1963
CH_NT-SR_1963;02dec1963;03dec1967;NT;CH;NA;37;Staenderat;SR;;CH_NT-SR_1959;CH_NT-SR_1967
CH_NT-SR_1967;04dec1967;28nov1971;NT;CH;NA;38;Staenderat;SR;;CH_NT-SR_1963;CH_NT-SR_1971
CH_NT-SR_1971;29nov1971;30nov1975;NT;CH;NA;39;Staenderat;SR;;CH_NT-SR_1967;CH_NT-SR_1975
CH_NT-SR_1975;01dec1975;25nov1979;NT;CH;NA;40;Staenderat;SR;;CH_NT-SR_1971;CH_NT-SR_1979
CH_NT-SR_1979;26nov1979;27nov1983;NT;CH;NA;41;Staenderat;SR;;CH_NT-SR_1975;CH_NT-SR_1983
CH_NT-SR_1983;28nov1983;29nov1987;NT;CH;NA;42;Staenderat;SR;;CH_NT-SR_1979;CH_NT-SR_1987
CH_NT-SR_1987;30nov1987;24nov1991;NT;CH;NA;43;Staenderat;SR;;CH_NT-SR_1983;CH_NT-SR_1991
CH_NT-SR_1991;25nov1991;03dec1995;NT;CH;NA;44;Staenderat;SR;;CH_NT-SR_1987;CH_NT-SR_1995
CH_NT-SR_1995;04dec1995;05dec1999;NT;CH;NA;45;Staenderat;SR;;CH_NT-SR_1991;CH_NT-SR_1999
CH_NT-SR_1999;06dec1999;30nov2003;NT;CH;NA;46;Staenderat;SR;;CH_NT-SR_1995;CH_NT-SR_2003
CH_NT-SR_2003;01dec2003;02dec2007;NT;CH;NA;47;Staenderat;SR;;CH_NT-SR_1999;CH_NT-SR_2007
CH_NT-SR_2007;03dec2007;04dec2011;NT;CH;NA;48;Staenderat;SR;;CH_NT-SR_2003;CH_NT-SR_2011
CH_NT-SR_2011;05dec2011;29nov2015;NT;CH;NA;49;Staenderat;SR;;CH_NT-SR_2007;CH_NT-SR_2015
CH_NT-SR_2015;30nov2015;19oct2019;NT;CH;NA;50;Staenderat;SR;;CH_NT-SR_2011;CH_NT-SR_2019
CH_NT-SR_2019;20oct2019;NA;NT;CH;NA;51;Staenderat;SR;;CH_NT-SR_2015;NA
DE_NT-BT_1949;07sep1949;05oct1953;NT;DE;NA;1;Bundestag;BT;;NA;DE_NT-BT_1953
DE_NT-BT_1953;06oct1953;06oct1957;NT;DE;NA;2;Bundestag;BT;;DE_NT-BT_1949;DE_NT-BT_1957
DE_NT-BT_1957;15oct1957;16oct1961;NT;DE;NA;3;Bundestag;BT;;DE_NT-BT_1953;DE_NT-BT_1961
DE_NT-BT_1961;17oct1961;18oct1965;NT;DE;NA;4;Bundestag;BT;;DE_NT-BT_1957;DE_NT-BT_1965
DE_NT-BT_1965;19oct1965;19oct1969;NT;DE;NA;5;Bundestag;BT;;DE_NT-BT_1961;DE_NT-BT_1969
DE_NT-BT_1969;20oct1969;12dec1972;NT;DE;NA;6;Bundestag;BT;;DE_NT-BT_1965;DE_NT-BT_1972
DE_NT-BT_1972;13dec1972;13dec1976;NT;DE;NA;7;Bundestag;BT;;DE_NT-BT_1969;DE_NT-BT_1976
DE_NT-BT_1976;14dec1976;03nov1980;NT;DE;NA;8;Bundestag;BT;;DE_NT-BT_1972;DE_NT-BT_1980
DE_NT-BT_1980;04nov1980;28mar1983;NT;DE;NA;9;Bundestag;BT;;DE_NT-BT_1976;DE_NT-BT_1983
DE_NT-BT_1983;29mar1983;17feb1987;NT;DE;NA;10;Bundestag;BT;;DE_NT-BT_1980;DE_NT-BT_1987
DE_NT-BT_1987;18feb1987;19dec1990;NT;DE;NA;11;Bundestag;BT;;DE_NT-BT_1983;DE_NT-BT_1990
DE_NT-BT_1990;20dec1990;09nov1994;NT;DE;NA;12;Bundestag;BT;;DE_NT-BT_1987;DE_NT-BT_1994
DE_NT-BT_1994;10nov1994;25oct1998;NT;DE;NA;13;Bundestag;BT;;DE_NT-BT_1990;DE_NT-BT_1998
DE_NT-BT_1998;26oct1998;16oct2002;NT;DE;NA;14;Bundestag;BT;;DE_NT-BT_1994;DE_NT-BT_2002
DE_NT-BT_2002;17oct2002;17oct2005;NT;DE;NA;15;Bundestag;BT;;DE_NT-BT_1998;DE_NT-BT_2005
DE_NT-BT_2005;18oct2005;26oct2009;NT;DE;NA;16;Bundestag;BT;;DE_NT-BT_2002;DE_NT-BT_2009
DE_NT-BT_2009;27oct2009;21oct2013;NT;DE;NA;17;Bundestag;BT;;DE_NT-BT_2005;DE_NT-BT_2013
DE_NT-BT_2013;22oct2013;23oct2017;NT;DE;NA;18;Bundestag;BT;;DE_NT-BT_2009;DE_NT-BT_2017
DE_NT-BT_2017;24oct2017;14aug2019;NT;DE;NA;19;Bundestag;BT;;DE_NT-BT_2013;DE_NT-BT_2021
DE_NT-BT_2021;26sep2021;NA;NT;DE;NA;20;Bundestag;BT;;DE_NT-BT_2017;NA
NL_NT-TK_1901;17sep1901;18sep1905;NT;NL;NA;-4;Tweede Kamer;TK;NC;NA;NL_NT-TK_1905
NL_NT-TK_1905;19sep1905;20sep1909;NT;NL;NA;-3;Tweede Kamer;TK;NC;NL_NT-TK_1901;NL_NT-TK_1909
NL_NT-TK_1909;21sep1909;15sep1913;NT;NL;NA;-2;Tweede Kamer;TK;NC;NL_NT-TK_1905;NL_NT-TK_1913
NL_NT-TK_1913;16sep1913;27jun1917;NT;NL;NA;-1;Tweede Kamer;TK;NC;NL_NT-TK_1909;NL_NT-TK_1917
NL_NT-TK_1917;28jun1917;16sep1918;NT;NL;NA;0;Tweede Kamer;TK;NC;NL_NT-TK_1913;NL_NT-TK_1918
NL_NT-TK_1918;17sep1918;24jul1922;NT;NL;NA;1;Tweede Kamer;TK;NC;NL_NT-TK_1917;NL_NT-TK_1922
NL_NT-TK_1922;25jul1922;14sep1925;NT;NL;NA;2;Tweede Kamer;TK;NC;NL_NT-TK_1918;NL_NT-TK_1925
NL_NT-TK_1925;15sep1925;16sep1929;NT;NL;NA;3;Tweede Kamer;TK;NC;NL_NT-TK_1922;NL_NT-TK_1929
NL_NT-TK_1929;17sep1929;08may1933;NT;NL;NA;4;Tweede Kamer;TK;NC;NL_NT-TK_1925;NL_NT-TK_1933
NL_NT-TK_1933;09may1933;07jun1937;NT;NL;NA;5;Tweede Kamer;TK;"NL_RKSP_NT;NL_ARP_NT;NL_CHU_NT;NL_LSP_NT;NL_VDB_NT";NL_NT-TK_1929;NL_NT-TK_1937
NL_NT-TK_1937;08jun1937;24sep1945;NT;NL;NA;6;Tweede Kamer;TK;"NL_RKSP_NT;NL_ARP_NT;NL_CHU_NT";NL_NT-TK_1933;NL_NT-TK_1945
NL_NT-TK_1945;25sep1945;03jun1946;NT;NL;NA;7;Tweede Kamer;TK;"NL_SDAP_NT;NL_CHU_NT;NL_RKSP_NT;NL_none_NT;NL_VDB_NT";NL_NT-TK_1945;NL_NT-TK_1946
NL_NT-TK_1946;04jun1946;26jul1948;NT;NL;NA;8;Tweede Kamer;TK;"NL_KVP_NT;NL_PvdA_NT;NL_none_NT";NL_NT-TK_1945;NL_NT-TK_1948
NL_NT-TK_1948;27jul1948;14jul1952;NT;NL;NA;9;Tweede Kamer;TK;"NL_PvdA_NT;NL_KVP_NT;NL_VVD_NT;NL_CHU_NT;NL_none_NT";NL_NT-TK_1946;NL_NT-TK_1952
NL_NT-TK_1952;15jul1952;02jul1956;NT;NL;NA;10;Tweede Kamer;TK;"NL_PvdA_NT;NL_KVP_NT;NL_ARP_NT;NL_CHU_NT;NL_none_NT";NL_NT-TK_1948;NL_NT-TK_1956
NL_NT-TK_1956;03jul1956;19mar1959;NT;NL;NA;11;Tweede Kamer;TK;"NL_PvdA_NT;NL_KVP_NT;NL_ARP_NT;NL_CHU_NT";NL_NT-TK_1952;NL_NT-TK_1959
NL_NT-TK_1959;20mar1959;04jun1963;NT;NL;NA;12;Tweede Kamer;TK;"NL_KVP_NT;NL_VVD_NT;NL_ARP_NT;NL_CHU_NT";NL_NT-TK_1956;NL_NT-TK_1963
NL_NT-TK_1963;05jun1963;22feb1967;NT;NL;NA;13;Tweede Kamer;TK;"NL_KVP_NT;NL_VVD_NT;NL_ARP_NT;NL_CHU_NT;NL_PvdA_NT";NL_NT-TK_1959;NL_NT-TK_1967
NL_NT-TK_1967;23feb1967;10may1971;NT;NL;NA;14;Tweede Kamer;TK;"NL_KVP_NT;NL_PvdA_NT;NL_ARP_NT";NL_NT-TK_1963;NL_NT-TK_1971
NL_NT-TK_1971;11may1971;06dec1972;NT;NL;NA;15;Tweede Kamer;TK;"NL_KVP_NT;NL_ARP_NT;NL_CHU_NT;NL_VVD_NT;NL_DS70_NT";NL_NT-TK_1967;NL_NT-TK_1972
NL_NT-TK_1972;07dec1972;07jun1977;NT;NL;NA;16;Tweede Kamer;TK;"NL_PvdA_NT;NL_PPR_NT;NL_D66_NT;NL_KVP_NT;NL_ARP_NT";NL_NT-TK_1971;NL_NT-TK_1977
NL_NT-TK_1977;08jun1977;09jun1981;NT;NL;NA;17;Tweede Kamer;TK;"NL_CDA_NT;NL_VVD_NT";NL_NT-TK_1972;NL_NT-TK_1981
NL_NT-TK_1981;10jun1981;15sep1982;NT;NL;NA;18;Tweede Kamer;TK;"NL_CDA_NT;NL_PvdA_NT;NL_D66_NT";NL_NT-TK_1977;NL_NT-TK_1982
NL_NT-TK_1982;16sep1982;02jun1986;NT;NL;NA;19;Tweede Kamer;TK;"NL_CDA_NT;NL_VVD_NT";NL_NT-TK_1981;NL_NT-TK_1986
NL_NT-TK_1986;03jun1986;13sep1989;NT;NL;NA;20;Tweede Kamer;TK;"NL_CDA_NT;NL_VVD_NT";NL_NT-TK_1982;NL_NT-TK_1989
NL_NT-TK_1989;14sep1989;16may1994;NT;NL;NA;21;Tweede Kamer;TK;"NL_CDA_NT;NL_PvdA_NT";NL_NT-TK_1986;NL_NT-TK_1994
NL_NT-TK_1994;17may1994;18may1998;NT;NL;NA;22;Tweede Kamer;TK;"NL_PvdA_NT;NL_VVD_NT;NL_D66_NT";NL_NT-TK_1989;NL_NT-TK_1998
NL_NT-TK_1998;19may1998;22may2002;NT;NL;NA;23;Tweede Kamer;TK;"NL_PvdA_NT;NL_VVD_NT;NL_D66_NT";NL_NT-TK_1994;NL_NT-TK_2002
NL_NT-TK_2002;23may2002;29jan2003;NT;NL;NA;24;Tweede Kamer;TK;"NL_CDA_NT;NL_LPF_NT;NL_VVD_NT";NL_NT-TK_1998;NL_NT-TK_2003
NL_NT-TK_2003;30jan2003;29nov2006;NT;NL;NA;25;Tweede Kamer;TK;"NL_CDA_NT;NL_VVD_NT;NL_D66_NT";NL_NT-TK_2002;NL_NT-TK_2006
NL_NT-TK_2006;30nov2006;16jun2010;NT;NL;NA;26;Tweede Kamer;TK;"NL_CDA_NT;NL_PvdA_NT;NL_CU_NT";NL_NT-TK_2003;NL_NT-TK_2010
NL_NT-TK_2010;17jun2010;19sep2012;NT;NL;NA;27;Tweede Kamer;TK;"NL_VVD_NT;NL_CDA_NT";NL_NT-TK_2006;NL_NT-TK_2012
NL_NT-TK_2012;20sep2012;22mar2017;NT;NL;NA;28;Tweede Kamer;TK;"NL_VVD_NT;NL_PvdA_NT";NL_NT-TK_2010;NL_NT-TK_2017
NL_NT-TK_2017;23mar2017;30mar2021;NT;NL;NA;29;Tweede Kamer;TK;"NL_VVD_NT;NL_CDA_NT;NL_D66_NT;NL_CU_NT";NL_NT-TK_2012;NL_NT-TK_2021
NL_NT-TK_2021;31mar2021;05dec2023;NT;NL;NA;30;Tweede Kamer;TK;"NL_VVD_NT;NL_CDA_NT;NL_D66_NT;NL_CU_NT";NL_NT-TK_2017;NL_NT-TK_2023
NL_NT-TK_2023;06dec2023;31dec2024;NT;NL;NA;31;Tweede Kamer;TK;"NL_VVD_NT;NL_PVV_NT;NL_NSC_NT;NL_BBB_NT";NL_NT-TK_2021;NA
CH_RE-AG_1941;1941;1945;RE;CH;AG;NC;Grosser Rat;GR;NA;NA;CH_RE-AG_1945
CH_RE-AG_1945;1945;1949;RE;CH;AG;NC;Grosser Rat;GR;NA;CH_RE-AG_1941;CH_RE-AG_1949
CH_RE-AG_1949;1949;1953;RE;CH;AG;NC;Grosser Rat;GR;NA;CH_RE-AG_1945;CH_RE-AG_1953
CH_RE-AG_1953;1953;1957;RE;CH;AG;NC;Grosser Rat;GR;NA;CH_RE-AG_1949;CH_RE-AG_1957
CH_RE-AG_1957;1957;1961;RE;CH;AG;NC;Grosser Rat;GR;NA;CH_RE-AG_1953;CH_RE-AG_1961
CH_RE-AG_1961;1961;1965;RE;CH;AG;NC;Grosser Rat;GR;NA;CH_RE-AG_1957;CH_RE-AG_1965
CH_RE-AG_1965;1965;1969;RE;CH;AG;NC;Grosser Rat;GR;NA;CH_RE-AG_1961;CH_RE-AG_1969
CH_RE-AG_1969;1969;1973;RE;CH;AG;NC;Grosser Rat;GR;NA;CH_RE-AG_1965;CH_RE-AG_1973
CH_RE-AG_1973;1973;1977;RE;CH;AG;NC;Grosser Rat;GR;NA;CH_RE-AG_1969;CH_RE-AG_1977
CH_RE-AG_1977;1977;1981;RE;CH;AG;NC;Grosser Rat;GR;NA;CH_RE-AG_1973;CH_RE-AG_1981
CH_RE-AG_1981;1981;1985;RE;CH;AG;NC;Grosser Rat;GR;NA;CH_RE-AG_1977;CH_RE-AG_1985
CH_RE-AG_1985;1985;1989;RE;CH;AG;NC;Grosser Rat;GR;NA;CH_RE-AG_1981;CH_RE-AG_1989
CH_RE-AG_1989;1989;1993;RE;CH;AG;NC;Grosser Rat;GR;NA;CH_RE-AG_1985;CH_RE-AG_1993
CH_RE-AG_1993;1993;29apr1997;RE;CH;AG;NC;Grosser Rat;GR;NA;CH_RE-AG_1989;CH_RE-AG_1997
CH_RE-AG_1997;29apr1997;08may2001;RE;CH;AG;NC;Grosser Rat;GR;NA;CH_RE-AG_1993;CH_RE-AG_2001
CH_RE-AG_2001;08may2001;10may2005;RE;CH;AG;NC;Grosser Rat;GR;NA;CH_RE-AG_1997;CH_RE-AG_2005
CH_RE-AG_2005;10may2005;28apr2009;RE;CH;AG;NC;Grosser Rat;GR;NA;CH_RE-AG_2001;CH_RE-AG_2009
CH_RE-AG_2009;28apr2009;30apr2013;RE;CH;AG;NC;Grosser Rat;GR;NA;CH_RE-AG_2005;CH_RE-AG_2012
CH_RE-AG_2012;30apr2013;10jan2017;RE;CH;AG;NC;Grosser Rat;GR;NA;CH_RE-AG_2009;CH_RE-AG_2016
CH_RE-AG_2016;10jan2017;2020;RE;CH;AG;NC;Grosser Rat;GR;NA;CH_RE-AG_2012;NA
CH_RE-AI_1991;1991;1992;RE;CH;AI;NC;Grosser Rat;GR;NA;NA;CH_RE-AI_1992
CH_RE-AI_1992;1992;1993;RE;CH;AI;NC;Grosser Rat;GR;NA;CH_RE-AI_1991;CH_RE-AI_1993
CH_RE-AI_1993;1993;1994;RE;CH;AI;NC;Grosser Rat;GR;NA;CH_RE-AI_1992;CH_RE-AI_1994
CH_RE-AI_1994;1994;1995;RE;CH;AI;NC;Grosser Rat;GR;NA;CH_RE-AI_1993;CH_RE-AI_1995
CH_RE-AI_1995;1995;1999;RE;CH;AI;NC;Grosser Rat;GR;NA;CH_RE-AI_1994;CH_RE-AI_1999
CH_RE-AI_1999;1999;2003;RE;CH;AI;NC;Grosser Rat;GR;NA;CH_RE-AI_1995;CH_RE-AI_2003
CH_RE-AI_2003;2003;2007;RE;CH;AI;NC;Grosser Rat;GR;NA;CH_RE-AI_1999;CH_RE-AI_2007
CH_RE-AI_2007;2007;2011;RE;CH;AI;NC;Grosser Rat;GR;NA;CH_RE-AI_2003;CH_RE-AI_2011
CH_RE-AI_2011;2011;2015;RE;CH;AI;NC;Grosser Rat;GR;NA;CH_RE-AI_2007;CH_RE-AI_2015
CH_RE-AI_2015;2015;2019;RE;CH;AI;NC;Grosser Rat;GR;NA;CH_RE-AI_2011;NA
CH_RE-AR_1999;1999;2003;RE;CH;AR;NC;Kantonsrat;KR;NA;NA;CH_RE-AR_2003
CH_RE-AR_2003;2003;2007;RE;CH;AR;NC;Kantonsrat;KR;NA;CH_RE-AR_1999;CH_RE-AR_2007
CH_RE-AR_2007;2007;2011;RE;CH;AR;NC;Kantonsrat;KR;NA;CH_RE-AR_2003;CH_RE-AR_2011
CH_RE-AR_2011;2011;2015;RE;CH;AR;NC;Kantonsrat;KR;NA;CH_RE-AR_2007;CH_RE-AR_2015
CH_RE-AR_2015;15jun2015;2019;RE;CH;AR;NC;Kantonsrat;KR;NA;CH_RE-AR_2011;NA
CH_RE-BE_1942;1942;1946;RE;CH;BE;NC;"Grosser Rat;Grand Conseil";GR;NA;NA;CH_RE-BE_1946
CH_RE-BE_1946;1946;1950;RE;CH;BE;NC;"Grosser Rat;Grand Conseil";GR;NA;CH_RE-BE_1942;CH_RE-BE_1950
CH_RE-BE_1950;1950;1954;RE;CH;BE;NC;"Grosser Rat;Grand Conseil";GR;NA;CH_RE-BE_1946;CH_RE-BE_1954
CH_RE-BE_1954;1954;1958;RE;CH;BE;NC;"Grosser Rat;Grand Conseil";GR;NA;CH_RE-BE_1950;CH_RE-BE_1958
CH_RE-BE_1958;1958;1962;RE;CH;BE;NC;"Grosser Rat;Grand Conseil";GR;NA;CH_RE-BE_1954;CH_RE-BE_1962
CH_RE-BE_1962;1962;1966;RE;CH;BE;NC;"Grosser Rat;Grand Conseil";GR;NA;CH_RE-BE_1958;CH_RE-BE_1966
CH_RE-BE_1966;1966;1970;RE;CH;BE;NC;"Grosser Rat;Grand Conseil";GR;NA;CH_RE-BE_1962;CH_RE-BE_1970
CH_RE-BE_1970;1970;1974;RE;CH;BE;NC;"Grosser Rat;Grand Conseil";GR;NA;CH_RE-BE_1966;CH_RE-BE_1974
CH_RE-BE_1974;1974;1978;RE;CH;BE;NC;"Grosser Rat;Grand Conseil";GR;NA;CH_RE-BE_1970;CH_RE-BE_1978
CH_RE-BE_1978;1978;1982;RE;CH;BE;NC;"Grosser Rat;Grand Conseil";GR;NA;CH_RE-BE_1974;CH_RE-BE_1982
CH_RE-BE_1982;1982;1986;RE;CH;BE;NC;"Grosser Rat;Grand Conseil";GR;NA;CH_RE-BE_1978;CH_RE-BE_1986
CH_RE-BE_1986;1986;1990;RE;CH;BE;NC;"Grosser Rat;Grand Conseil";GR;NA;CH_RE-BE_1982;CH_RE-BE_1990
CH_RE-BE_1990;1990;1994;RE;CH;BE;NC;"Grosser Rat;Grand Conseil";GR;NA;CH_RE-BE_1986;CH_RE-BE_1994
CH_RE-BE_1994;1994;1998;RE;CH;BE;NC;"Grosser Rat;Grand Conseil";GR;NA;CH_RE-BE_1990;CH_RE-BE_1998
CH_RE-BE_1998;1998;03jun2002;RE;CH;BE;NC;"Grosser Rat;Grand Conseil";GR;NA;CH_RE-BE_1994;CH_RE-BE_2002
CH_RE-BE_2002;03jun2002;06jun2006;RE;CH;BE;NC;"Grosser Rat;Grand Conseil";GR;NA;CH_RE-BE_1998;CH_RE-BE_2006
CH_RE-BE_2006;06jun2006;01jun2010;RE;CH;BE;NC;"Grosser Rat;Grand Conseil";GR;NA;CH_RE-BE_2002;CH_RE-BE_2010
CH_RE-BE_2010;01jun2010;02jun2014;RE;CH;BE;NC;"Grosser Rat;Grand Conseil";GR;NA;CH_RE-BE_2006;CH_RE-BE_2014
CH_RE-BE_2014;02jun2014;04jun2018;RE;CH;BE;NC;"Grosser Rat;Grand Conseil";GR;NA;CH_RE-BE_2010;CH_RE-BE_2018
CH_RE-BE_2018;04jun2018;2022;RE;CH;BE;NC;"Grosser Rat;Grand Conseil";GR;NA;CH_RE-BE_2014;NA
CH_RE-BL_1944;01jul1944;30jun1947;RE;CH;BL;NC;Landrat;LR;NA;NA;CH_RE-BL_1947
CH_RE-BL_1947;01jul1947;30jun1950;RE;CH;BL;NC;Landrat;LR;NA;CH_RE-BL_1944;CH_RE-BL_1950
CH_RE-BL_1950;01jul1950;30jun1953;RE;CH;BL;NC;Landrat;LR;NA;CH_RE-BL_1947;CH_RE-BL_1953
CH_RE-BL_1953;01jul1953;30jun1956;RE;CH;BL;NC;Landrat;LR;NA;CH_RE-BL_1950;CH_RE-BL_1956
CH_RE-BL_1956;01jul1956;30jun1959;RE;CH;BL;NC;Landrat;LR;NA;CH_RE-BL_1953;CH_RE-BL_1959
CH_RE-BL_1959;01jul1959;30jun1963;RE;CH;BL;NC;Landrat;LR;NA;CH_RE-BL_1956;CH_RE-BL_1963
CH_RE-BL_1963;01jul1963;30jun1967;RE;CH;BL;NC;Landrat;LR;NA;CH_RE-BL_1959;CH_RE-BL_1967
CH_RE-BL_1967;01jul1967;30jun1971;RE;CH;BL;NC;Landrat;LR;NA;CH_RE-BL_1963;CH_RE-BL_1971
CH_RE-BL_1971;01jul1971;30jun1975;RE;CH;BL;NC;Landrat;LR;NA;CH_RE-BL_1967;CH_RE-BL_1975
CH_RE-BL_1975;01jul1975;30jun1979;RE;CH;BL;NC;Landrat;LR;NA;CH_RE-BL_1971;CH_RE-BL_1979
CH_RE-BL_1979;01jul1979;30jun1983;RE;CH;BL;NC;Landrat;LR;NA;CH_RE-BL_1975;CH_RE-BL_1983
CH_RE-BL_1983;01jul1983;30jun1987;RE;CH;BL;NC;Landrat;LR;NA;CH_RE-BL_1979;CH_RE-BL_1987
CH_RE-BL_1987;01jul1987;30jun1991;RE;CH;BL;NC;Landrat;LR;NA;CH_RE-BL_1983;CH_RE-BL_1991
CH_RE-BL_1991;01jul1991;30jun1995;RE;CH;BL;NC;Landrat;LR;NA;CH_RE-BL_1987;CH_RE-BL_1995
CH_RE-BL_1995;01jul1995;30jun1999;RE;CH;BL;NC;Landrat;LR;NA;CH_RE-BL_1991;CH_RE-BL_1999
CH_RE-BL_1999;01jul1999;30jun2003;RE;CH;BL;NC;Landrat;LR;NA;CH_RE-BL_1995;CH_RE-BL_2003
CH_RE-BL_2003;01jul2003;30jun2007;RE;CH;BL;NC;Landrat;LR;NA;CH_RE-BL_1999;CH_RE-BL_2007
CH_RE-BL_2007;01jul2007;30jun2011;RE;CH;BL;NC;Landrat;LR;NA;CH_RE-BL_2003;CH_RE-BL_2011
CH_RE-BL_2011;01jul2011;30jun2015;RE;CH;BL;NC;Landrat;LR;NA;CH_RE-BL_2007;CH_RE-BL_2015
CH_RE-BL_2015;01jul2015;2019;RE;CH;BL;NC;Landrat;LR;NA;CH_RE-BL_2011;NA
CH_RE-BS_1944;1944;1947;RE;CH;BS;NC;Grosser Rat;GR;NA;NA;CH_RE-BS_1947
CH_RE-BS_1947;1947;1950;RE;CH;BS;NC;Grosser Rat;GR;NA;CH_RE-BS_1944;CH_RE-BS_1950
CH_RE-BS_1950;1950;1953;RE;CH;BS;NC;Grosser Rat;GR;NA;CH_RE-BS_1947;CH_RE-BS_1953
CH_RE-BS_1953;1953;1956;RE;CH;BS;NC;Grosser Rat;GR;NA;CH_RE-BS_1950;CH_RE-BS_1956
CH_RE-BS_1956;1956;1960;RE;CH;BS;NC;Grosser Rat;GR;NA;CH_RE-BS_1953;CH_RE-BS_1960
CH_RE-BS_1960;1960;1964;RE;CH;BS;NC;Grosser Rat;GR;NA;CH_RE-BS_1956;CH_RE-BS_1964
CH_RE-BS_1964;1964;1968;RE;CH;BS;NC;Grosser Rat;GR;NA;CH_RE-BS_1960;CH_RE-BS_1968
CH_RE-BS_1968;1968;1972;RE;CH;BS;NC;Grosser Rat;GR;NA;CH_RE-BS_1964;CH_RE-BS_1972
CH_RE-BS_1972;1972;1976;RE;CH;BS;NC;Grosser Rat;GR;NA;CH_RE-BS_1968;CH_RE-BS_1976
CH_RE-BS_1976;1976;1980;RE;CH;BS;NC;Grosser Rat;GR;NA;CH_RE-BS_1972;CH_RE-BS_1980
CH_RE-BS_1980;1980;1984;RE;CH;BS;NC;Grosser Rat;GR;NA;CH_RE-BS_1976;CH_RE-BS_1984
CH_RE-BS_1984;1984;1988;RE;CH;BS;NC;Grosser Rat;GR;NA;CH_RE-BS_1980;CH_RE-BS_1988
CH_RE-BS_1988;1988;1992;RE;CH;BS;NC;Grosser Rat;GR;NA;CH_RE-BS_1984;CH_RE-BS_1992
CH_RE-BS_1992;1992;1996;RE;CH;BS;NC;Grosser Rat;GR;NA;CH_RE-BS_1988;CH_RE-BS_1996
CH_RE-BS_1996;1996;2000;RE;CH;BS;NC;Grosser Rat;GR;NA;CH_RE-BS_1992;CH_RE-BS_2000
CH_RE-BS_2000;2000;2004;RE;CH;BS;NC;Grosser Rat;GR;NA;CH_RE-BS_1996;CH_RE-BS_2004
CH_RE-BS_2004;01feb2005;31jan2009;RE;CH;BS;NC;Grosser Rat;GR;NA;CH_RE-BS_2000;CH_RE-BS_2008
CH_RE-BS_2008;01feb2009;31jan2012;RE;CH;BS;NC;Grosser Rat;GR;NA;CH_RE-BS_2004;CH_RE-BS_2012
CH_RE-BS_2012;01feb2013;31jan2017;RE;CH;BS;NC;Grosser Rat;GR;NA;CH_RE-BS_2008;CH_RE-BS_2016
CH_RE-BS_2016;01feb2017;31jan2021;RE;CH;BS;NC;Grosser Rat;GR;NA;CH_RE-BS_2012;NA
CH_RE-FR_1941;1941;1946;RE;CH;FR;NC;"Grosser Rat;Grand Conseil";GR;NA;NA;CH_RE-FR_1946
CH_RE-FR_1946;1946;1951;RE;CH;FR;NC;"Grosser Rat;Grand Conseil";GR;NA;CH_RE-FR_1941;CH_RE-FR_1951
CH_RE-FR_1951;1951;1956;RE;CH;FR;NC;"Grosser Rat;Grand Conseil";GR;NA;CH_RE-FR_1946;CH_RE-FR_1956
CH_RE-FR_1956;1956;1961;RE;CH;FR;NC;"Grosser Rat;Grand Conseil";GR;NA;CH_RE-FR_1951;CH_RE-FR_1961
CH_RE-FR_1961;1961;1966;RE;CH;FR;NC;"Grosser Rat;Grand Conseil";GR;NA;CH_RE-FR_1956;CH_RE-FR_1966
CH_RE-FR_1966;1966;1971;RE;CH;FR;NC;"Grosser Rat;Grand Conseil";GR;NA;CH_RE-FR_1961;CH_RE-FR_1971
CH_RE-FR_1971;1971;1976;RE;CH;FR;NC;"Grosser Rat;Grand Conseil";GR;NA;CH_RE-FR_1966;CH_RE-FR_1976
CH_RE-FR_1976;1976;1981;RE;CH;FR;NC;"Grosser Rat;Grand Conseil";GR;NA;CH_RE-FR_1971;CH_RE-FR_1981
CH_RE-FR_1981;1981;1986;RE;CH;FR;NC;"Grosser Rat;Grand Conseil";GR;NA;CH_RE-FR_1976;CH_RE-FR_1986
CH_RE-FR_1986;1986;1991;RE;CH;FR;NC;"Grosser Rat;Grand Conseil";GR;NA;CH_RE-FR_1981;CH_RE-FR_1991
CH_RE-FR_1991;1991;1996;RE;CH;FR;NC;"Grosser Rat;Grand Conseil";GR;NA;CH_RE-FR_1986;CH_RE-FR_1996
CH_RE-FR_1996;1996;2001;RE;CH;FR;NC;"Grosser Rat;Grand Conseil";GR;NA;CH_RE-FR_1991;CH_RE-FR_2001
CH_RE-FR_2001;2001;2006;RE;CH;FR;NC;"Grosser Rat;Grand Conseil";GR;NA;CH_RE-FR_1996;CH_RE-FR_2006
CH_RE-FR_2006;2006;31dec2011;RE;CH;FR;NC;"Grosser Rat;Grand Conseil";GR;NA;CH_RE-FR_2001;CH_RE-FR_2011
CH_RE-FR_2011;01jan2012;15dec2016;RE;CH;FR;NC;"Grosser Rat;Grand Conseil";GR;NA;CH_RE-FR_2006;CH_RE-FR_2016
CH_RE-FR_2016;15dec2016;2020;RE;CH;FR;NC;"Grosser Rat;Grand Conseil";GR;NA;CH_RE-FR_2011;NA
CH_RE-GE_1942;1942;1945;RE;CH;GE;39;Grand Conseil;GC;NA;NA;CH_RE-GE_1945
CH_RE-GE_1945;1945;1948;RE;CH;GE;40;Grand Conseil;GC;NA;CH_RE-GE_1942;CH_RE-GE_1948
CH_RE-GE_1948;1948;1951;RE;CH;GE;41;Grand Conseil;GC;NA;CH_RE-GE_1945;CH_RE-GE_1951
CH_RE-GE_1951;1951;1954;RE;CH;GE;42;Grand Conseil;GC;NA;CH_RE-GE_1948;CH_RE-GE_1954
CH_RE-GE_1954;1954;1957;RE;CH;GE;43;Grand Conseil;GC;NA;CH_RE-GE_1951;CH_RE-GE_1957
CH_RE-GE_1957;1957;1961;RE;CH;GE;44;Grand Conseil;GC;NA;CH_RE-GE_1954;CH_RE-GE_1961
CH_RE-GE_1961;1961;1965;RE;CH;GE;45;Grand Conseil;GC;NA;CH_RE-GE_1957;CH_RE-GE_1965
CH_RE-GE_1965;1965;1969;RE;CH;GE;46;Grand Conseil;GC;NA;CH_RE-GE_1961;CH_RE-GE_1969
CH_RE-GE_1969;1969;05nov1973;RE;CH;GE;47;Grand Conseil;GC;NA;CH_RE-GE_1965;CH_RE-GE_1973
CH_RE-GE_1973;05nov1973;03nov1977;RE;CH;GE;48;Grand Conseil;GC;NA;CH_RE-GE_1969;CH_RE-GE_1977
CH_RE-GE_1977;03nov1977;05nov1981;RE;CH;GE;49;Grand Conseil;GC;NA;CH_RE-GE_1973;CH_RE-GE_1981
CH_RE-GE_1981;05nov1981;03nov1985;RE;CH;GE;50;Grand Conseil;GC;NA;CH_RE-GE_1977;CH_RE-GE_1985
CH_RE-GE_1985;03nov1985;09nov1989;RE;CH;GE;51;Grand Conseil;GC;NA;CH_RE-GE_1981;CH_RE-GE_1989
CH_RE-GE_1989;09nov1989;04nov1993;RE;CH;GE;52;Grand Conseil;GC;NA;CH_RE-GE_1985;CH_RE-GE_1993
CH_RE-GE_1993;04nov1993;06nov1997;RE;CH;GE;53;Grand Conseil;GC;NA;CH_RE-GE_1989;CH_RE-GE_1997
CH_RE-GE_1997;06nov1997;01nov2001;RE;CH;GE;54;Grand Conseil;GC;NA;CH_RE-GE_1993;CH_RE-GE_2001
CH_RE-GE_2001;01nov2001;03nov2005;RE;CH;GE;55;Grand Conseil;GC;NA;CH_RE-GE_1997;CH_RE-GE_2005
CH_RE-GE_2005;03nov2005;05nov2009;RE;CH;GE;56;Grand Conseil;GC;NA;CH_RE-GE_2001;CH_RE-GE_2009
CH_RE-GE_2009;05nov2009;07nov2013;RE;CH;GE;57;Grand Conseil;GC;NA;CH_RE-GE_2005;CH_RE-GE_2013
CH_RE-GE_2013;07nov2013;15may2018;RE;CH;GE;NC;Grand Conseil;GC;NA;CH_RE-GE_2009;CH_RE-GE_2018
CH_RE-GE_2018;15may2018;2023;RE;CH;GE;NC;Grand Conseil;GC;NA;CH_RE-GE_2013;NA
CH_RE-GL_1944;1944;1947;RE;CH;GL;NC;Landrat;LR;NA;NA;CH_RE-GL_1947
CH_RE-GL_1947;1947;1950;RE;CH;GL;NC;Landrat;LR;NA;CH_RE-GL_1944;CH_RE-GL_1950
CH_RE-GL_1950;1950;1953;RE;CH;GL;NC;Landrat;LR;NA;CH_RE-GL_1947;CH_RE-GL_1953
CH_RE-GL_1953;1953;1956;RE;CH;GL;NC;Landrat;LR;NA;CH_RE-GL_1950;CH_RE-GL_1956
CH_RE-GL_1956;1956;1959;RE;CH;GL;NC;Landrat;LR;NA;CH_RE-GL_1953;CH_RE-GL_1959
CH_RE-GL_1959;1959;1962;RE;CH;GL;NC;Landrat;LR;NA;CH_RE-GL_1956;CH_RE-GL_1962
CH_RE-GL_1962;1962;1965;RE;CH;GL;NC;Landrat;LR;NA;CH_RE-GL_1959;CH_RE-GL_1965
CH_RE-GL_1965;1965;1968;RE;CH;GL;NC;Landrat;LR;NA;CH_RE-GL_1962;CH_RE-GL_1968
CH_RE-GL_1968;1968;1971;RE;CH;GL;NC;Landrat;LR;NA;CH_RE-GL_1965;CH_RE-GL_1971
CH_RE-GL_1971;1971;1974;RE;CH;GL;NC;Landrat;LR;NA;CH_RE-GL_1968;CH_RE-GL_1974
CH_RE-GL_1974;1974;1978;RE;CH;GL;NC;Landrat;LR;NA;CH_RE-GL_1971;CH_RE-GL_1978
CH_RE-GL_1978;1978;1982;RE;CH;GL;NC;Landrat;LR;NA;CH_RE-GL_1974;CH_RE-GL_1982
CH_RE-GL_1982;1982;1986;RE;CH;GL;NC;Landrat;LR;NA;CH_RE-GL_1978;CH_RE-GL_1986
CH_RE-GL_1986;1986;1990;RE;CH;GL;NC;Landrat;LR;NA;CH_RE-GL_1982;CH_RE-GL_1990
CH_RE-GL_1990;1990;1994;RE;CH;GL;NC;Landrat;LR;NA;CH_RE-GL_1986;CH_RE-GL_1994
CH_RE-GL_1994;1994;1998;RE;CH;GL;NC;Landrat;LR;NA;CH_RE-GL_1990;CH_RE-GL_1998
CH_RE-GL_1998;1998;2002;RE;CH;GL;NC;Landrat;LR;NA;CH_RE-GL_1994;CH_RE-GL_2002
CH_RE-GL_2002;2002;2006;RE;CH;GL;NC;Landrat;LR;NA;CH_RE-GL_1998;CH_RE-GL_2006
CH_RE-GL_2006;2006;30jun2010;RE;CH;GL;NC;Landrat;LR;NA;CH_RE-GL_2002;CH_RE-GL_2010
CH_RE-GL_2010;30jun2010;25jun2014;RE;CH;GL;NC;Landrat;LR;NA;CH_RE-GL_2006;CH_RE-GL_2014
CH_RE-GL_2014;25jun2014;27jun2018;RE;CH;GL;NC;Landrat;LR;NA;CH_RE-GL_2010;CH_RE-GL_2018
CH_RE-GL_2018;27jun2018;2022;RE;CH;GL;NC;Landrat;LR;NA;CH_RE-GL_2014;NA
CH_RE-GR_1945;1945;1947;RE;CH;GR;NC;"Grosser Rat;Gran Consiglio;Cussegl Grond";GR;NA;NA;CH_RE-GR_1947
CH_RE-GR_1947;1947;1949;RE;CH;GR;NC;"Grosser Rat;Gran Consiglio;Cussegl Grond";GR;NA;CH_RE-GR_1945;CH_RE-GR_1949
CH_RE-GR_1949;1949;1951;RE;CH;GR;NC;"Grosser Rat;Gran Consiglio;Cussegl Grond";GR;NA;CH_RE-GR_1947;CH_RE-GR_1951
CH_RE-GR_1951;1951;1953;RE;CH;GR;NC;"Grosser Rat;Gran Consiglio;Cussegl Grond";GR;NA;CH_RE-GR_1949;CH_RE-GR_1953
CH_RE-GR_1953;1953;1955;RE;CH;GR;NC;"Grosser Rat;Gran Consiglio;Cussegl Grond";GR;NA;CH_RE-GR_1951;CH_RE-GR_1955
CH_RE-GR_1955;1955;1957;RE;CH;GR;NC;"Grosser Rat;Gran Consiglio;Cussegl Grond";GR;NA;CH_RE-GR_1953;CH_RE-GR_1957
CH_RE-GR_1957;1957;1959;RE;CH;GR;NC;"Grosser Rat;Gran Consiglio;Cussegl Grond";GR;NA;CH_RE-GR_1955;CH_RE-GR_1959
CH_RE-GR_1959;1959;1961;RE;CH;GR;NC;"Grosser Rat;Gran Consiglio;Cussegl Grond";GR;NA;CH_RE-GR_1957;CH_RE-GR_1961
CH_RE-GR_1961;1961;1963;RE;CH;GR;NC;"Grosser Rat;Gran Consiglio;Cussegl Grond";GR;NA;CH_RE-GR_1959;CH_RE-GR_1963
CH_RE-GR_1963;1963;1965;RE;CH;GR;NC;"Grosser Rat;Gran Consiglio;Cussegl Grond";GR;NA;CH_RE-GR_1961;CH_RE-GR_1965
CH_RE-GR_1965;1965;1967;RE;CH;GR;NC;"Grosser Rat;Gran Consiglio;Cussegl Grond";GR;NA;CH_RE-GR_1963;CH_RE-GR_1967
CH_RE-GR_1967;1967;1969;RE;CH;GR;NC;"Grosser Rat;Gran Consiglio;Cussegl Grond";GR;NA;CH_RE-GR_1965;CH_RE-GR_1969
CH_RE-GR_1969;1969;1971;RE;CH;GR;NC;"Grosser Rat;Gran Consiglio;Cussegl Grond";GR;NA;CH_RE-GR_1967;CH_RE-GR_1971
CH_RE-GR_1971;1971;1973;RE;CH;GR;NC;"Grosser Rat;Gran Consiglio;Cussegl Grond";GR;NA;CH_RE-GR_1969;CH_RE-GR_1973
CH_RE-GR_1973;1973;1975;RE;CH;GR;NC;"Grosser Rat;Gran Consiglio;Cussegl Grond";GR;NA;CH_RE-GR_1971;CH_RE-GR_1975
CH_RE-GR_1975;1975;1977;RE;CH;GR;NC;"Grosser Rat;Gran Consiglio;Cussegl Grond";GR;NA;CH_RE-GR_1973;CH_RE-GR_1977
CH_RE-GR_1977;1977;1979;RE;CH;GR;NC;"Grosser Rat;Gran Consiglio;Cussegl Grond";GR;NA;CH_RE-GR_1975;CH_RE-GR_1979
CH_RE-GR_1979;1979;1981;RE;CH;GR;NC;"Grosser Rat;Gran Consiglio;Cussegl Grond";GR;NA;CH_RE-GR_1977;CH_RE-GR_1981
CH_RE-GR_1981;1981;1983;RE;CH;GR;NC;"Grosser Rat;Gran Consiglio;Cussegl Grond";GR;NA;CH_RE-GR_1979;CH_RE-GR_1983
CH_RE-GR_1983;1983;1985;RE;CH;GR;NC;"Grosser Rat;Gran Consiglio;Cussegl Grond";GR;NA;CH_RE-GR_1981;CH_RE-GR_1985
CH_RE-GR_1985;1985;1987;RE;CH;GR;NC;"Grosser Rat;Gran Consiglio;Cussegl Grond";GR;NA;CH_RE-GR_1983;CH_RE-GR_1987
CH_RE-GR_1987;1987;1989;RE;CH;GR;NC;"Grosser Rat;Gran Consiglio;Cussegl Grond";GR;NA;CH_RE-GR_1985;CH_RE-GR_1989
CH_RE-GR_1989;1989;1991;RE;CH;GR;NC;"Grosser Rat;Gran Consiglio;Cussegl Grond";GR;NA;CH_RE-GR_1987;CH_RE-GR_1991
CH_RE-GR_1991;1991;1994;RE;CH;GR;NC;"Grosser Rat;Gran Consiglio;Cussegl Grond";GR;NA;CH_RE-GR_1989;CH_RE-GR_1994
CH_RE-GR_1994;1994;1997;RE;CH;GR;NC;"Grosser Rat;Gran Consiglio;Cussegl Grond";GR;NA;CH_RE-GR_1991;CH_RE-GR_1997
CH_RE-GR_1997;1997;29may2000;RE;CH;GR;NC;"Grosser Rat;Gran Consiglio;Cussegl Grond";GR;NA;CH_RE-GR_1994;CH_RE-GR_2000
CH_RE-GR_2000;29may2000;11jun2003;RE;CH;GR;NC;"Grosser Rat;Gran Consiglio;Cussegl Grond";GR;NA;CH_RE-GR_1997;CH_RE-GR_2003
CH_RE-GR_2003;11jun2003;30aug2006;RE;CH;GR;NC;"Grosser Rat;Gran Consiglio;Cussegl Grond";GR;NA;CH_RE-GR_2000;CH_RE-GR_2006
CH_RE-GR_2006;30aug2006;25aug2010;RE;CH;GR;NC;"Grosser Rat;Gran Consiglio;Cussegl Grond";GR;NA;CH_RE-GR_2003;CH_RE-GR_2010
CH_RE-GR_2010;25aug2010;27aug2014;RE;CH;GR;NC;"Grosser Rat;Gran Consiglio;Cussegl Grond";GR;NA;CH_RE-GR_2006;CH_RE-GR_2014
CH_RE-GR_2014;27aug2014;29aug2018;RE;CH;GR;NC;"Grosser Rat;Gran Consiglio;Cussegl Grond";GR;NA;CH_RE-GR_2010;CH_RE-GR_2018
CH_RE-GR_2018;29aug2018;2022;RE;CH;GR;NC;"Grosser Rat;Gran Consiglio;Cussegl Grond";GR;NA;CH_RE-GR_2014;NA
CH_RE-JU_1978;1978;1982;RE;CH;JU;NC;Parlement;PL;NA;NA;CH_RE-JU_1982
CH_RE-JU_1982;1982;1986;RE;CH;JU;NC;Parlement;PL;NA;CH_RE-JU_1978;CH_RE-JU_1986
CH_RE-JU_1986;1986;1990;RE;CH;JU;NC;Parlement;PL;NA;CH_RE-JU_1982;CH_RE-JU_1990
CH_RE-JU_1990;1990;1994;RE;CH;JU;NC;Parlement;PL;NA;CH_RE-JU_1986;CH_RE-JU_1994
CH_RE-JU_1994;1994;1998;RE;CH;JU;NC;Parlement;PL;NA;CH_RE-JU_1990;CH_RE-JU_1998
CH_RE-JU_1998;1998;11dec2002;RE;CH;JU;NC;Parlement;PL;NA;CH_RE-JU_1994;CH_RE-JU_2002
CH_RE-JU_2002;18dec2002;20dec2006;RE;CH;JU;NC;Parlement;PL;NA;CH_RE-JU_1998;CH_RE-JU_2006
CH_RE-JU_2006;20dec2006;15dec2010;RE;CH;JU;NC;Parlement;PL;NA;CH_RE-JU_2002;CH_RE-JU_2010
CH_RE-JU_2010;15dec2010;09dec2015;RE;CH;JU;NC;Parlement;PL;NA;CH_RE-JU_2006;CH_RE-JU_2015
CH_RE-JU_2015;16dec2015;2020;RE;CH;JU;NC;Parlement;PL;NA;CH_RE-JU_2010;NA
CH_RE-LU_1943;1943;1947;RE;CH;LU;NC;Grosser Rat;GR;NA;NA;CH_RE-LU_1947
CH_RE-LU_1947;1947;1951;RE;CH;LU;NC;Grosser Rat;GR;NA;CH_RE-LU_1943;CH_RE-LU_1951
CH_RE-LU_1951;1951;1955;RE;CH;LU;NC;Grosser Rat;GR;NA;CH_RE-LU_1947;CH_RE-LU_1955
CH_RE-LU_1955;1955;1959;RE;CH;LU;NC;Grosser Rat;GR;NA;CH_RE-LU_1951;CH_RE-LU_1959
CH_RE-LU_1959;1959;1963;RE;CH;LU;NC;Grosser Rat;GR;NA;CH_RE-LU_1955;CH_RE-LU_1963
CH_RE-LU_1963;1963;1967;RE;CH;LU;NC;Grosser Rat;GR;NA;CH_RE-LU_1959;CH_RE-LU_1967
CH_RE-LU_1967;1967;1971;RE;CH;LU;NC;Grosser Rat;GR;NA;CH_RE-LU_1963;CH_RE-LU_1971
CH_RE-LU_1971;1971;16jun1975;RE;CH;LU;NC;Grosser Rat;GR;NA;CH_RE-LU_1967;CH_RE-LU_1975
CH_RE-LU_1975;16jun1975;18jun1979;RE;CH;LU;NC;Grosser Rat;GR;NA;CH_RE-LU_1971;CH_RE-LU_1979
CH_RE-LU_1979;18jun1979;20jun1983;RE;CH;LU;NC;Grosser Rat;GR;NA;CH_RE-LU_1975;CH_RE-LU_1983
CH_RE-LU_1983;20jun1983;1987;RE;CH;LU;NC;Grosser Rat;GR;NA;CH_RE-LU_1979;CH_RE-LU_1987
CH_RE-LU_1987;1987;1991;RE;CH;LU;NC;Grosser Rat;GR;NA;CH_RE-LU_1983;CH_RE-LU_1991
CH_RE-LU_1991;1991;1995;RE;CH;LU;NC;Grosser Rat;GR;NA;CH_RE-LU_1987;CH_RE-LU_1995
CH_RE-LU_1995;1995;14jun1999;RE;CH;LU;NC;Grosser Rat;GR;NA;CH_RE-LU_1991;CH_RE-LU_1999
CH_RE-LU_1999;14jun1999;16jun2003;RE;CH;LU;NC;Grosser Rat;GR;NA;CH_RE-LU_1995;CH_RE-LU_2003
CH_RE-LU_2003;16jun2003;18jun2007;RE;CH;LU;NC;Grosser Rat;GR;NA;CH_RE-LU_1999;CH_RE-LU_2007
CH_RE-LU_2007;18jun2007;20jun2011;RE;CH;LU;NC;Kantonsrat;KR;NA;CH_RE-LU_2003;CH_RE-LU_2011
CH_RE-LU_2011;20jun2011;22jun2015;RE;CH;LU;NC;Kantonsrat;KR;NA;CH_RE-LU_2007;CH_RE-LU_2015
CH_RE-LU_2015;22jun2015;2019;RE;CH;LU;NC;Kantonsrat;KR;NA;CH_RE-LU_2011;CH_RE-LU_2019
CH_RE-LU_2019;2019;2023;RE;CH;LU;NC;Kantonsrat;KR;NA;CH_RE-LU_2015;NA
CH_RE-NE_1941;1941;1945;RE;CH;NE;NC;Grand Conseil;GC;NA;NA;CH_RE-NE_1945
CH_RE-NE_1945;1945;1949;RE;CH;NE;NC;Grand Conseil;GC;NA;CH_RE-NE_1941;CH_RE-NE_1949
CH_RE-NE_1949;1949;1953;RE;CH;NE;NC;Grand Conseil;GC;NA;CH_RE-NE_1945;CH_RE-NE_1953
CH_RE-NE_1953;1953;1957;RE;CH;NE;NC;Grand Conseil;GC;NA;CH_RE-NE_1949;CH_RE-NE_1957
CH_RE-NE_1957;1957;1961;RE;CH;NE;NC;Grand Conseil;GC;NA;CH_RE-NE_1953;CH_RE-NE_1961
CH_RE-NE_1961;1961;1965;RE;CH;NE;NC;Grand Conseil;GC;NA;CH_RE-NE_1957;CH_RE-NE_1965
CH_RE-NE_1965;1965;1969;RE;CH;NE;NC;Grand Conseil;GC;NA;CH_RE-NE_1961;CH_RE-NE_1969
CH_RE-NE_1969;1969;1973;RE;CH;NE;NC;Grand Conseil;GC;NA;CH_RE-NE_1965;CH_RE-NE_1973
CH_RE-NE_1973;1973;1977;RE;CH;NE;NC;Grand Conseil;GC;NA;CH_RE-NE_1969;CH_RE-NE_1977
CH_RE-NE_1977;1977;1981;RE;CH;NE;NC;Grand Conseil;GC;NA;CH_RE-NE_1973;CH_RE-NE_1981
CH_RE-NE_1981;1981;1985;RE;CH;NE;NC;Grand Conseil;GC;NA;CH_RE-NE_1977;CH_RE-NE_1985
CH_RE-NE_1985;1985;1989;RE;CH;NE;NC;Grand Conseil;GC;NA;CH_RE-NE_1981;CH_RE-NE_1989
CH_RE-NE_1989;1989;17may1993;RE;CH;NE;NC;Grand Conseil;GC;NA;CH_RE-NE_1985;CH_RE-NE_1993
CH_RE-NE_1993;17may1993;20may1997;RE;CH;NE;NC;Grand Conseil;GC;NA;CH_RE-NE_1989;CH_RE-NE_1997
CH_RE-NE_1997;20may1997;21may2001;RE;CH;NE;NC;Grand Conseil;GC;NA;CH_RE-NE_1993;CH_RE-NE_2001
CH_RE-NE_2001;21may2001;31may2005;RE;CH;NE;NC;Grand Conseil;GC;NA;CH_RE-NE_1997;CH_RE-NE_2005
CH_RE-NE_2005;31may2005;26may2009;RE;CH;NE;NC;Grand Conseil;GC;NA;CH_RE-NE_2001;CH_RE-NE_2009
CH_RE-NE_2009;26may2009;28may2013;RE;CH;NE;NC;Grand Conseil;GC;NA;CH_RE-NE_2005;CH_RE-NE_2013
CH_RE-NE_2013;28may2013;30may2017;RE;CH;NE;NC;Grand Conseil;GC;NA;CH_RE-NE_2009;CH_RE-NE_2017
CH_RE-NE_2017;30may2017;2021;RE;CH;NE;NC;Grand Conseil;GC;NA;CH_RE-NE_2013;NA
CH_RE-NW_1943;1943;1949;RE;CH;NW;NC;Landrat;LR;NA;NA;CH_RE-NW_1949
CH_RE-NW_1949;1949;1955;RE;CH;NW;NC;Landrat;LR;NA;CH_RE-NW_1943;CH_RE-NW_1955
CH_RE-NW_1955;1955;1958;RE;CH;NW;NC;Landrat;LR;NA;CH_RE-NW_1949;CH_RE-NW_1958
CH_RE-NW_1958;1958;1962;RE;CH;NW;NC;Landrat;LR;NA;CH_RE-NW_1955;CH_RE-NW_1962
CH_RE-NW_1962;1962;1966;RE;CH;NW;NC;Landrat;LR;NA;CH_RE-NW_1958;CH_RE-NW_1966
CH_RE-NW_1966;1966;1970;RE;CH;NW;NC;Landrat;LR;NA;CH_RE-NW_1962;CH_RE-NW_1970
CH_RE-NW_1970;1970;1974;RE;CH;NW;NC;Landrat;LR;NA;CH_RE-NW_1966;CH_RE-NW_1974
CH_RE-NW_1974;1974;1978;RE;CH;NW;NC;Landrat;LR;NA;CH_RE-NW_1970;CH_RE-NW_1978
CH_RE-NW_1978;1978;1982;RE;CH;NW;NC;Landrat;LR;NA;CH_RE-NW_1974;CH_RE-NW_1982
CH_RE-NW_1982;1982;1986;RE;CH;NW;NC;Landrat;LR;NA;CH_RE-NW_1978;CH_RE-NW_1986
CH_RE-NW_1986;1986;1990;RE;CH;NW;NC;Landrat;LR;NA;CH_RE-NW_1982;CH_RE-NW_1990
CH_RE-NW_1990;1990;1994;RE;CH;NW;NC;Landrat;LR;NA;CH_RE-NW_1986;CH_RE-NW_1994
CH_RE-NW_1994;1994;1998;RE;CH;NW;NC;Landrat;LR;NA;CH_RE-NW_1990;CH_RE-NW_1998
CH_RE-NW_1998;1998;26jun2002;RE;CH;NW;NC;Landrat;LR;NA;CH_RE-NW_1994;CH_RE-NW_2002
CH_RE-NW_2002;26jun2002;28jun2006;RE;CH;NW;NC;Landrat;LR;NA;CH_RE-NW_1998;CH_RE-NW_2006
CH_RE-NW_2006;28jun2006;30jun2010;RE;CH;NW;NC;Landrat;LR;NA;CH_RE-NW_2002;CH_RE-NW_2010
CH_RE-NW_2010;30jun2010;25jun2014;RE;CH;NW;NC;Landrat;LR;NA;CH_RE-NW_2006;CH_RE-NW_2014
CH_RE-NW_2014;25jun2014;27jun2018;RE;CH;NW;NC;Landrat;LR;NA;CH_RE-NW_2010;CH_RE-NW_2018
CH_RE-NW_2018;27jun2018;2022;RE;CH;NW;NC;Landrat;LR;NA;CH_RE-NW_2014;NA
CH_RE-OW_1970;1970;1974;RE;CH;OW;NC;Kantonsrat;KR;NA;NA;CH_RE-OW_1974
CH_RE-OW_1974;1974;1978;RE;CH;OW;NC;Kantonsrat;KR;NA;CH_RE-OW_1970;CH_RE-OW_1978
CH_RE-OW_1978;1978;1982;RE;CH;OW;NC;Kantonsrat;KR;NA;CH_RE-OW_1974;CH_RE-OW_1982
CH_RE-OW_1982;1982;1986;RE;CH;OW;NC;Kantonsrat;KR;NA;CH_RE-OW_1978;CH_RE-OW_1986
CH_RE-OW_1986;1986;1990;RE;CH;OW;NC;Kantonsrat;KR;NA;CH_RE-OW_1982;CH_RE-OW_1990
CH_RE-OW_1990;1990;1994;RE;CH;OW;NC;Kantonsrat;KR;NA;CH_RE-OW_1986;CH_RE-OW_1994
CH_RE-OW_1994;1994;1998;RE;CH;OW;NC;Kantonsrat;KR;NA;CH_RE-OW_1990;CH_RE-OW_1998
CH_RE-OW_1998;1998;2002;RE;CH;OW;NC;Kantonsrat;KR;NA;CH_RE-OW_1994;CH_RE-OW_2002
CH_RE-OW_2002;2002;30jun2006;RE;CH;OW;NC;Kantonsrat;KR;NA;CH_RE-OW_1998;CH_RE-OW_2006
CH_RE-OW_2006;30jun2006;25jun2010;RE;CH;OW;NC;Kantonsrat;KR;NA;CH_RE-OW_2002;CH_RE-OW_2010
CH_RE-OW_2010;25jun2010;27jun2014;RE;CH;OW;NC;Kantonsrat;KR;NA;CH_RE-OW_2006;CH_RE-OW_2014
CH_RE-OW_2014;27jun2014;29jun2018;RE;CH;OW;NC;Kantonsrat;KR;NA;CH_RE-OW_2010;CH_RE-OW_2018
CH_RE-OW_2018;29jun2018;2022;RE;CH;OW;NC;Kantonsrat;KR;NA;CH_RE-OW_2014;NA
CH_RE-SG_1942;1942;1945;RE;CH;SG;NC;Grosser Rat;GR;NA;NA;CH_RE-SG_1945
CH_RE-SG_1945;1945;1948;RE;CH;SG;NC;Grosser Rat;GR;NA;CH_RE-SG_1942;CH_RE-SG_1948
CH_RE-SG_1948;1948;1951;RE;CH;SG;NC;Grosser Rat;GR;NA;CH_RE-SG_1945;CH_RE-SG_1951
CH_RE-SG_1951;1951;1954;RE;CH;SG;NC;Grosser Rat;GR;NA;CH_RE-SG_1948;CH_RE-SG_1954
CH_RE-SG_1954;1954;1957;RE;CH;SG;NC;Grosser Rat;GR;NA;CH_RE-SG_1951;CH_RE-SG_1957
CH_RE-SG_1957;1957;1960;RE;CH;SG;NC;Grosser Rat;GR;NA;CH_RE-SG_1954;CH_RE-SG_1960
CH_RE-SG_1960;1960;1964;RE;CH;SG;NC;Grosser Rat;GR;NA;CH_RE-SG_1957;CH_RE-SG_1964
CH_RE-SG_1964;1964;1968;RE;CH;SG;NC;Grosser Rat;GR;NA;CH_RE-SG_1960;CH_RE-SG_1968
CH_RE-SG_1968;1968;1972;RE;CH;SG;NC;Grosser Rat;GR;NA;CH_RE-SG_1964;CH_RE-SG_1972
CH_RE-SG_1972;1972;31may1976;RE;CH;SG;NC;Grosser Rat;GR;NA;CH_RE-SG_1968;CH_RE-SG_1976
CH_RE-SG_1976;01jun1976;31may1980;RE;CH;SG;NC;Grosser Rat;GR;NA;CH_RE-SG_1972;CH_RE-SG_1980
CH_RE-SG_1980;01jun1980;31may1984;RE;CH;SG;NC;Grosser Rat;GR;NA;CH_RE-SG_1976;CH_RE-SG_1984
CH_RE-SG_1984;01jun1984;31may1988;RE;CH;SG;NC;Grosser Rat;GR;NA;CH_RE-SG_1980;CH_RE-SG_1988
CH_RE-SG_1988;01jun1988;31may1992;RE;CH;SG;NC;Grosser Rat;GR;NA;CH_RE-SG_1984;CH_RE-SG_1992
CH_RE-SG_1992;01jun1992;31may1996;RE;CH;SG;NC;Grosser Rat;GR;NA;CH_RE-SG_1988;CH_RE-SG_1996
CH_RE-SG_1996;01jun1996;31may2000;RE;CH;SG;NC;Grosser Rat;GR;NA;CH_RE-SG_1992;CH_RE-SG_2000
CH_RE-SG_2000;01jun2000;31may2004;RE;CH;SG;NC;Grosser Rat;GR;NA;CH_RE-SG_1996;CH_RE-SG_2004
CH_RE-SG_2004;01jun2004;31may2008;RE;CH;SG;NC;Kantonsrat;KR;NA;CH_RE-SG_2000;CH_RE-SG_2008
CH_RE-SG_2008;01jun2008;31may2012;RE;CH;SG;NC;Kantonsrat;KR;NA;CH_RE-SG_2004;CH_RE-SG_2012
CH_RE-SG_2012;01jun2012;31may2016;RE;CH;SG;NC;Kantonsrat;KR;NA;CH_RE-SG_2008;CH_RE-SG_2016
CH_RE-SG_2016;01jun2016;31may2020;RE;CH;SG;NC;Kantonsrat;KR;NA;CH_RE-SG_2012;NA
CH_RE-SH_1940;1940;1944;RE;CH;SH;NC;Kantonsrat;KR;NA;NA;CH_RE-SH_1944
CH_RE-SH_1944;1944;1948;RE;CH;SH;NC;Kantonsrat;KR;NA;CH_RE-SH_1940;CH_RE-SH_1948
CH_RE-SH_1948;1948;1952;RE;CH;SH;NC;Kantonsrat;KR;NA;CH_RE-SH_1944;CH_RE-SH_1952
CH_RE-SH_1952;1952;1956;RE;CH;SH;NC;Kantonsrat;KR;NA;CH_RE-SH_1948;CH_RE-SH_1956
CH_RE-SH_1956;1956;1960;RE;CH;SH;NC;Kantonsrat;KR;NA;CH_RE-SH_1952;CH_RE-SH_1960
CH_RE-SH_1960;1960;1964;RE;CH;SH;NC;Kantonsrat;KR;NA;CH_RE-SH_1956;CH_RE-SH_1964
CH_RE-SH_1964;1964;1968;RE;CH;SH;NC;Kantonsrat;KR;NA;CH_RE-SH_1960;CH_RE-SH_1968
CH_RE-SH_1968;1968;1972;RE;CH;SH;NC;Kantonsrat;KR;NA;CH_RE-SH_1964;CH_RE-SH_1972
CH_RE-SH_1972;1972;1976;RE;CH;SH;NC;Kantonsrat;KR;NA;CH_RE-SH_1968;CH_RE-SH_1976
CH_RE-SH_1976;1976;1980;RE;CH;SH;NC;Kantonsrat;KR;NA;CH_RE-SH_1972;CH_RE-SH_1980
CH_RE-SH_1980;1980;1984;RE;CH;SH;NC;Kantonsrat;KR;NA;CH_RE-SH_1976;CH_RE-SH_1984
CH_RE-SH_1984;1984;1988;RE;CH;SH;NC;Kantonsrat;KR;NA;CH_RE-SH_1980;CH_RE-SH_1988
CH_RE-SH_1988;1988;1992;RE;CH;SH;NC;Kantonsrat;KR;NA;CH_RE-SH_1984;CH_RE-SH_1992
CH_RE-SH_1992;1992;1996;RE;CH;SH;NC;Kantonsrat;KR;NA;CH_RE-SH_1988;CH_RE-SH_1996
CH_RE-SH_1996;1996;2000;RE;CH;SH;NC;Kantonsrat;KR;NA;CH_RE-SH_1992;CH_RE-SH_2000
CH_RE-SH_2000;2000;31dec2004;RE;CH;SH;NC;Kantonsrat;KR;NA;CH_RE-SH_1996;CH_RE-SH_2004
CH_RE-SH_2004;01jan2005;31dec2008;RE;CH;SH;NC;Kantonsrat;KR;NA;CH_RE-SH_2000;CH_RE-SH_2008
CH_RE-SH_2008;01jan2009;31dec2012;RE;CH;SH;NC;Kantonsrat;KR;NA;CH_RE-SH_2004;CH_RE-SH_2012
CH_RE-SH_2012;01jan2013;31dec2016;RE;CH;SH;NC;Kantonsrat;KR;NA;CH_RE-SH_2008;CH_RE-SH_2016
CH_RE-SH_2016;01jan2017;31dec2020;RE;CH;SH;NC;Kantonsrat;KR;NA;CH_RE-SH_2012;NA
CH_RE-SO_1941;1941;1945;RE;CH;SO;NC;Kantonsrat;KR;NA;NA;CH_RE-SO_1945
CH_RE-SO_1945;1945;1949;RE;CH;SO;NC;Kantonsrat;KR;NA;CH_RE-SO_1941;CH_RE-SO_1949
CH_RE-SO_1949;1949;1953;RE;CH;SO;NC;Kantonsrat;KR;NA;CH_RE-SO_1945;CH_RE-SO_1953
CH_RE-SO_1953;1953;1957;RE;CH;SO;NC;Kantonsrat;KR;NA;CH_RE-SO_1949;CH_RE-SO_1957
CH_RE-SO_1957;1957;1961;RE;CH;SO;NC;Kantonsrat;KR;NA;CH_RE-SO_1953;CH_RE-SO_1961
CH_RE-SO_1961;1961;1965;RE;CH;SO;NC;Kantonsrat;KR;NA;CH_RE-SO_1957;CH_RE-SO_1965
CH_RE-SO_1965;1965;1969;RE;CH;SO;NC;Kantonsrat;KR;NA;CH_RE-SO_1961;CH_RE-SO_1969
CH_RE-SO_1969;1969;1973;RE;CH;SO;NC;Kantonsrat;KR;NA;CH_RE-SO_1965;CH_RE-SO_1973
CH_RE-SO_1973;1973;1977;RE;CH;SO;NC;Kantonsrat;KR;NA;CH_RE-SO_1969;CH_RE-SO_1977
CH_RE-SO_1977;1977;1981;RE;CH;SO;NC;Kantonsrat;KR;NA;CH_RE-SO_1973;CH_RE-SO_1981
CH_RE-SO_1981;1981;1985;RE;CH;SO;NC;Kantonsrat;KR;NA;CH_RE-SO_1977;CH_RE-SO_1985
CH_RE-SO_1985;1985;1989;RE;CH;SO;NC;Kantonsrat;KR;NA;CH_RE-SO_1981;CH_RE-SO_1989
CH_RE-SO_1989;1989;1993;RE;CH;SO;NC;Kantonsrat;KR;NA;CH_RE-SO_1985;CH_RE-SO_1993
CH_RE-SO_1993;1993;1997;RE;CH;SO;NC;Kantonsrat;KR;NA;CH_RE-SO_1989;CH_RE-SO_1997
CH_RE-SO_1997;1997;08may2001;RE;CH;SO;NC;Kantonsrat;KR;NA;CH_RE-SO_1993;CH_RE-SO_2001
CH_RE-SO_2001;08may2001;03may2005;RE;CH;SO;NC;Kantonsrat;KR;NA;CH_RE-SO_1997;CH_RE-SO_2005
CH_RE-SO_2005;03may2005;05may2009;RE;CH;SO;NC;Kantonsrat;KR;NA;CH_RE-SO_2001;CH_RE-SO_2009
CH_RE-SO_2009;05may2009;07may2013;RE;CH;SO;NC;Kantonsrat;KR;NA;CH_RE-SO_2005;CH_RE-SO_2013
CH_RE-SO_2013;07may2013;09may2017;RE;CH;SO;NC;Kantonsrat;KR;NA;CH_RE-SO_2009;CH_RE-SO_2017
CH_RE-SO_2017;09may2017;2021;RE;CH;SO;NC;Kantonsrat;KR;NA;CH_RE-SO_2013;NA
CH_RE-SZ_1940;1940;1944;RE;CH;SZ;NC;Kantonsrat;KR;NA;NA;CH_RE-SZ_1944
CH_RE-SZ_1944;1944;1948;RE;CH;SZ;NC;Kantonsrat;KR;NA;CH_RE-SZ_1940;CH_RE-SZ_1948
CH_RE-SZ_1948;1948;1952;RE;CH;SZ;NC;Kantonsrat;KR;NA;CH_RE-SZ_1944;CH_RE-SZ_1952
CH_RE-SZ_1952;1952;1956;RE;CH;SZ;NC;Kantonsrat;KR;NA;CH_RE-SZ_1948;CH_RE-SZ_1956
CH_RE-SZ_1956;1956;1960;RE;CH;SZ;NC;Kantonsrat;KR;NA;CH_RE-SZ_1952;CH_RE-SZ_1960
CH_RE-SZ_1960;1960;1964;RE;CH;SZ;NC;Kantonsrat;KR;NA;CH_RE-SZ_1956;CH_RE-SZ_1964
CH_RE-SZ_1964;1964;1968;RE;CH;SZ;NC;Kantonsrat;KR;NA;CH_RE-SZ_1960;CH_RE-SZ_1968
CH_RE-SZ_1968;1968;1972;RE;CH;SZ;NC;Kantonsrat;KR;NA;CH_RE-SZ_1964;CH_RE-SZ_1972
CH_RE-SZ_1972;1972;1976;RE;CH;SZ;NC;Kantonsrat;KR;NA;CH_RE-SZ_1968;CH_RE-SZ_1976
CH_RE-SZ_1976;1976;1980;RE;CH;SZ;NC;Kantonsrat;KR;NA;CH_RE-SZ_1972;CH_RE-SZ_1980
CH_RE-SZ_1980;1980;1984;RE;CH;SZ;NC;Kantonsrat;KR;NA;CH_RE-SZ_1976;CH_RE-SZ_1984
CH_RE-SZ_1984;1984;1988;RE;CH;SZ;NC;Kantonsrat;KR;NA;CH_RE-SZ_1980;CH_RE-SZ_1988
CH_RE-SZ_1988;1988;1992;RE;CH;SZ;NC;Kantonsrat;KR;NA;CH_RE-SZ_1984;CH_RE-SZ_1992
CH_RE-SZ_1992;1992;1996;RE;CH;SZ;NC;Kantonsrat;KR;NA;CH_RE-SZ_1988;CH_RE-SZ_1996
CH_RE-SZ_1996;1996;2000;RE;CH;SZ;NC;Kantonsrat;KR;NA;CH_RE-SZ_1992;CH_RE-SZ_2000
CH_RE-SZ_2000;2000;23jun2004;RE;CH;SZ;NC;Kantonsrat;KR;NA;CH_RE-SZ_1996;CH_RE-SZ_2004
CH_RE-SZ_2004;23jun2004;25jun2008;RE;CH;SZ;NC;Kantonsrat;KR;NA;CH_RE-SZ_2000;CH_RE-SZ_2008
CH_RE-SZ_2008;25jun2008;27jun2012;RE;CH;SZ;NC;Kantonsrat;KR;NA;CH_RE-SZ_2004;CH_RE-SZ_2012
CH_RE-SZ_2012;27jun2012;29jun2016;RE;CH;SZ;NC;Kantonsrat;KR;NA;CH_RE-SZ_2008;CH_RE-SZ_2016
CH_RE-SZ_2016;29jun2016;2020;RE;CH;SZ;NC;Kantonsrat;KR;NA;CH_RE-SZ_2012;NA
CH_RE-TG_1944;1944;1947;RE;CH;TG;NC;Grosser Rat;GR;NA;NA;CH_RE-TG_1947
CH_RE-TG_1947;1947;1950;RE;CH;TG;NC;Grosser Rat;GR;NA;CH_RE-TG_1944;CH_RE-TG_1950
CH_RE-TG_1950;1950;1953;RE;CH;TG;NC;Grosser Rat;GR;NA;CH_RE-TG_1947;CH_RE-TG_1953
CH_RE-TG_1953;1953;1956;RE;CH;TG;NC;Grosser Rat;GR;NA;CH_RE-TG_1950;CH_RE-TG_1956
CH_RE-TG_1956;1956;1959;RE;CH;TG;NC;Grosser Rat;GR;NA;CH_RE-TG_1953;CH_RE-TG_1959
CH_RE-TG_1959;1959;1962;RE;CH;TG;NC;Grosser Rat;GR;NA;CH_RE-TG_1956;CH_RE-TG_1962
CH_RE-TG_1962;1962;1965;RE;CH;TG;NC;Grosser Rat;GR;NA;CH_RE-TG_1959;CH_RE-TG_1965
CH_RE-TG_1965;1965;1968;RE;CH;TG;NC;Grosser Rat;GR;NA;CH_RE-TG_1962;CH_RE-TG_1968
CH_RE-TG_1968;1968;1972;RE;CH;TG;NC;Grosser Rat;GR;NA;CH_RE-TG_1965;CH_RE-TG_1972
CH_RE-TG_1972;1972;1976;RE;CH;TG;NC;Grosser Rat;GR;NA;CH_RE-TG_1968;CH_RE-TG_1976
CH_RE-TG_1976;1976;1980;RE;CH;TG;NC;Grosser Rat;GR;NA;CH_RE-TG_1972;CH_RE-TG_1980
CH_RE-TG_1980;1980;1984;RE;CH;TG;NC;Grosser Rat;GR;NA;CH_RE-TG_1976;CH_RE-TG_1984
CH_RE-TG_1984;1984;1988;RE;CH;TG;NC;Grosser Rat;GR;NA;CH_RE-TG_1980;CH_RE-TG_1988
CH_RE-TG_1988;1988;1992;RE;CH;TG;NC;Grosser Rat;GR;NA;CH_RE-TG_1984;CH_RE-TG_1992
CH_RE-TG_1992;1992;1996;RE;CH;TG;NC;Grosser Rat;GR;NA;CH_RE-TG_1988;CH_RE-TG_1996
CH_RE-TG_1996;1996;2000;RE;CH;TG;NC;Grosser Rat;GR;NA;CH_RE-TG_1992;CH_RE-TG_2000
CH_RE-TG_2000;2000;2004;RE;CH;TG;NC;Grosser Rat;GR;NA;CH_RE-TG_1996;CH_RE-TG_2004
CH_RE-TG_2004;2004;28may2008;RE;CH;TG;NC;Grosser Rat;GR;NA;CH_RE-TG_2000;CH_RE-TG_2008
CH_RE-TG_2008;28may2008;30may2012;RE;CH;TG;NC;Grosser Rat;GR;NA;CH_RE-TG_2004;CH_RE-TG_2012
CH_RE-TG_2012;30may2012;25may2016;RE;CH;TG;NC;Grosser Rat;GR;NA;CH_RE-TG_2008;CH_RE-TG_2016
CH_RE-TG_2016;25may2016;2020;RE;CH;TG;NC;Grosser Rat;GR;NA;CH_RE-TG_2012;NA
CH_RE-TI_1943;1943;1947;RE;CH;TI;NC;Gran Consiglio;GC;NA;NA;CH_RE-TI_1947
CH_RE-TI_1947;1947;1951;RE;CH;TI;NC;Gran Consiglio;GC;NA;CH_RE-TI_1943;CH_RE-TI_1951
CH_RE-TI_1951;1951;1955;RE;CH;TI;NC;Gran Consiglio;GC;NA;CH_RE-TI_1947;CH_RE-TI_1955
CH_RE-TI_1955;1955;1959;RE;CH;TI;NC;Gran Consiglio;GC;NA;CH_RE-TI_1951;CH_RE-TI_1959
CH_RE-TI_1959;1959;1963;RE;CH;TI;NC;Gran Consiglio;GC;NA;CH_RE-TI_1955;CH_RE-TI_1963
CH_RE-TI_1963;1963;1967;RE;CH;TI;NC;Gran Consiglio;GC;NA;CH_RE-TI_1959;CH_RE-TI_1967
CH_RE-TI_1967;1967;1971;RE;CH;TI;NC;Gran Consiglio;GC;NA;CH_RE-TI_1963;CH_RE-TI_1971
CH_RE-TI_1971;1971;1975;RE;CH;TI;NC;Gran Consiglio;GC;NA;CH_RE-TI_1967;CH_RE-TI_1975
CH_RE-TI_1975;1975;1979;RE;CH;TI;NC;Gran Consiglio;GC;NA;CH_RE-TI_1971;CH_RE-TI_1979
CH_RE-TI_1979;1979;1983;RE;CH;TI;NC;Gran Consiglio;GC;NA;CH_RE-TI_1975;CH_RE-TI_1983
CH_RE-TI_1983;1983;1987;RE;CH;TI;NC;Gran Consiglio;GC;NA;CH_RE-TI_1979;CH_RE-TI_1987
CH_RE-TI_1987;1987;1991;RE;CH;TI;NC;Gran Consiglio;GC;NA;CH_RE-TI_1983;CH_RE-TI_1991
CH_RE-TI_1991;1991;1995;RE;CH;TI;NC;Gran Consiglio;GC;NA;CH_RE-TI_1987;CH_RE-TI_1995
CH_RE-TI_1995;1995;1999;RE;CH;TI;NC;Gran Consiglio;GC;NA;CH_RE-TI_1991;CH_RE-TI_1999
CH_RE-TI_1999;1999;2003;RE;CH;TI;NC;Gran Consiglio;GC;NA;CH_RE-TI_1995;CH_RE-TI_2003
CH_RE-TI_2003;2003;2007;RE;CH;TI;NC;Gran Consiglio;GC;NA;CH_RE-TI_1999;CH_RE-TI_2007
CH_RE-TI_2007;2007;2011;RE;CH;TI;NC;Gran Consiglio;GC;NA;CH_RE-TI_2003;CH_RE-TI_2011
CH_RE-TI_2011;2011;2015;RE;CH;TI;NC;Gran Consiglio;GC;NA;CH_RE-TI_2007;NA
CH_RE-UR_1940;1940;1944;RE;CH;UR;NC;Landrat;LR;NA;NA;CH_RE-UR_1944
CH_RE-UR_1944;1944;1948;RE;CH;UR;NC;Landrat;LR;NA;CH_RE-UR_1940;CH_RE-UR_1948
CH_RE-UR_1948;1948;1952;RE;CH;UR;NC;Landrat;LR;NA;CH_RE-UR_1944;CH_RE-UR_1952
CH_RE-UR_1952;1952;1956;RE;CH;UR;NC;Landrat;LR;NA;CH_RE-UR_1948;CH_RE-UR_1956
CH_RE-UR_1956;1956;1960;RE;CH;UR;NC;Landrat;LR;NA;CH_RE-UR_1952;CH_RE-UR_1960
CH_RE-UR_1960;1960;1964;RE;CH;UR;NC;Landrat;LR;NA;CH_RE-UR_1956;CH_RE-UR_1964
CH_RE-UR_1964;1964;1968;RE;CH;UR;NC;Landrat;LR;NA;CH_RE-UR_1960;CH_RE-UR_1968
CH_RE-UR_1968;1968;1972;RE;CH;UR;NC;Landrat;LR;NA;CH_RE-UR_1964;CH_RE-UR_1972
CH_RE-UR_1972;1972;1976;RE;CH;UR;NC;Landrat;LR;NA;CH_RE-UR_1968;CH_RE-UR_1976
CH_RE-UR_1976;1976;1980;RE;CH;UR;NC;Landrat;LR;NA;CH_RE-UR_1972;CH_RE-UR_1980
CH_RE-UR_1980;1980;1984;RE;CH;UR;NC;Landrat;LR;NA;CH_RE-UR_1976;CH_RE-UR_1984
CH_RE-UR_1984;1984;1988;RE;CH;UR;NC;Landrat;LR;NA;CH_RE-UR_1980;CH_RE-UR_1988
CH_RE-UR_1988;1988;1992;RE;CH;UR;NC;Landrat;LR;NA;CH_RE-UR_1984;CH_RE-UR_1992
CH_RE-UR_1992;1992;1996;RE;CH;UR;NC;Landrat;LR;NA;CH_RE-UR_1988;CH_RE-UR_1996
CH_RE-UR_1996;1996;05jun2000;RE;CH;UR;NC;Landrat;LR;NA;CH_RE-UR_1992;CH_RE-UR_2000
CH_RE-UR_2000;05jun2000;07jun2004;RE;CH;UR;NC;Landrat;LR;NA;CH_RE-UR_1996;CH_RE-UR_2004
CH_RE-UR_2004;07jun2004;02jun2008;RE;CH;UR;NC;Landrat;LR;NA;CH_RE-UR_2000;CH_RE-UR_2008
CH_RE-UR_2008;02jun2008;06may2012;RE;CH;UR;NC;Landrat;LR;NA;CH_RE-UR_2004;CH_RE-UR_2012
CH_RE-UR_2012;06jun2012;08jun2016;RE;CH;UR;NC;Landrat;LR;NA;CH_RE-UR_2008;CH_RE-UR_2016
CH_RE-UR_2016;08jun2016;03jun2020;RE;CH;UR;NC;Landrat;LR;NA;CH_RE-UR_2012;NA
CH_RE-VD_1941;1941;1945;RE;CH;VD;NC;Grand Conseil;GC;NA;NA;CH_RE-VD_1945
CH_RE-VD_1945;1945;1949;RE;CH;VD;NC;Grand Conseil;GC;NA;CH_RE-VD_1941;CH_RE-VD_1949
CH_RE-VD_1949;1949;1953;RE;CH;VD;NC;Grand Conseil;GC;NA;CH_RE-VD_1945;CH_RE-VD_1953
CH_RE-VD_1953;1953;1957;RE;CH;VD;NC;Grand Conseil;GC;NA;CH_RE-VD_1949;CH_RE-VD_1957
CH_RE-VD_1957;1957;1962;RE;CH;VD;NC;Grand Conseil;GC;NA;CH_RE-VD_1953;CH_RE-VD_1962
CH_RE-VD_1962;1962;1966;RE;CH;VD;NC;Grand Conseil;GC;NA;CH_RE-VD_1957;CH_RE-VD_1966
CH_RE-VD_1966;1966;1970;RE;CH;VD;NC;Grand Conseil;GC;NA;CH_RE-VD_1962;CH_RE-VD_1970
CH_RE-VD_1970;1970;1974;RE;CH;VD;NC;Grand Conseil;GC;NA;CH_RE-VD_1966;CH_RE-VD_1974
CH_RE-VD_1974;1974;1978;RE;CH;VD;NC;Grand Conseil;GC;NA;CH_RE-VD_1970;CH_RE-VD_1978
CH_RE-VD_1978;1978;1982;RE;CH;VD;NC;Grand Conseil;GC;NA;CH_RE-VD_1974;CH_RE-VD_1982
CH_RE-VD_1982;1982;1986;RE;CH;VD;NC;Grand Conseil;GC;NA;CH_RE-VD_1978;CH_RE-VD_1986
CH_RE-VD_1986;1986;1990;RE;CH;VD;NC;Grand Conseil;GC;NA;CH_RE-VD_1982;CH_RE-VD_1990
CH_RE-VD_1990;1990;1994;RE;CH;VD;NC;Grand Conseil;GC;NA;CH_RE-VD_1986;CH_RE-VD_1994
CH_RE-VD_1994;1994;1998;RE;CH;VD;NC;Grand Conseil;GC;NA;CH_RE-VD_1990;CH_RE-VD_1998
CH_RE-VD_1998;1998;2002;RE;CH;VD;NC;Grand Conseil;GC;NA;CH_RE-VD_1994;CH_RE-VD_2002
CH_RE-VD_2002;2002;2007;RE;CH;VD;NC;Grand Conseil;GC;NA;CH_RE-VD_1998;CH_RE-VD_2007
CH_RE-VD_2007;2007;2012;RE;CH;VD;NC;Grand Conseil;GC;NA;CH_RE-VD_2002;CH_RE-VD_2012
CH_RE-VD_2012;2012;2017;RE;CH;VD;NC;Grand Conseil;GC;NA;CH_RE-VD_2007;CH_RE-VD_2017
CH_RE-VD_2017;2017;2022;RE;CH;VD;NC;Grand Conseil;GC;NA;CH_RE-VD_2012;NA
CH_RE-VS_1941;1941;1945;RE;CH;VS;NC;"Grosser Rat;Grand Conseil";GR;NA;NA;CH_RE-VS_1945
CH_RE-VS_1945;1945;1949;RE;CH;VS;NC;"Grosser Rat;Grand Conseil";GR;NA;CH_RE-VS_1941;CH_RE-VS_1949
CH_RE-VS_1949;1949;1953;RE;CH;VS;NC;"Grosser Rat;Grand Conseil";GR;NA;CH_RE-VS_1945;CH_RE-VS_1953
CH_RE-VS_1953;1953;1957;RE;CH;VS;NC;"Grosser Rat;Grand Conseil";GR;NA;CH_RE-VS_1949;CH_RE-VS_1957
CH_RE-VS_1957;1957;21mar1961;RE;CH;VS;NC;"Grosser Rat;Grand Conseil";GR;NA;CH_RE-VS_1953;CH_RE-VS_1961
CH_RE-VS_1961;21mar1961;1965;RE;CH;VS;NC;"Grosser Rat;Grand Conseil";GR;NA;CH_RE-VS_1957;CH_RE-VS_1965
CH_RE-VS_1965;1965;1969;RE;CH;VS;NC;"Grosser Rat;Grand Conseil";GR;NA;CH_RE-VS_1961;CH_RE-VS_1969
CH_RE-VS_1969;1969;20mar1973;RE;CH;VS;NC;"Grosser Rat;Grand Conseil";GR;NA;CH_RE-VS_1965;CH_RE-VS_1973
CH_RE-VS_1973;20mar1973;01mar1977;RE;CH;VS;NC;"Grosser Rat;Grand Conseil";GR;NA;CH_RE-VS_1969;CH_RE-VS_1977
CH_RE-VS_1977;01mar1977;16mar1981;RE;CH;VS;NC;"Grosser Rat;Grand Conseil";GR;NA;CH_RE-VS_1973;CH_RE-VS_1981
CH_RE-VS_1981;16mar1981;18mar1985;RE;CH;VS;NC;"Grosser Rat;Grand Conseil";GR;NA;CH_RE-VS_1977;CH_RE-VS_1985
CH_RE-VS_1985;18mar1985;20mar1989;RE;CH;VS;NC;"Grosser Rat;Grand Conseil";GR;NA;CH_RE-VS_1981;CH_RE-VS_1989
CH_RE-VS_1989;20mar1989;22mar1993;RE;CH;VS;NC;"Grosser Rat;Grand Conseil";GR;NA;CH_RE-VS_1985;CH_RE-VS_1993
CH_RE-VS_1993;22mar1993;24mar1997;RE;CH;VS;NC;"Grosser Rat;Grand Conseil";GR;NA;CH_RE-VS_1989;CH_RE-VS_1997
CH_RE-VS_1997;24mar1997;26mar2001;RE;CH;VS;NC;"Grosser Rat;Grand Conseil";GR;NA;CH_RE-VS_1993;CH_RE-VS_2001
CH_RE-VS_2001;26mar2001;28mar2005;RE;CH;VS;NC;"Grosser Rat;Grand Conseil";GR;NA;CH_RE-VS_1997;CH_RE-VS_2005
CH_RE-VS_2005;28mar2005;23mar2009;RE;CH;VS;NC;"Grosser Rat;Grand Conseil";GR;NA;CH_RE-VS_2001;CH_RE-VS_2009
CH_RE-VS_2009;23mar2009;25mar2013;RE;CH;VS;NC;"Grosser Rat;Grand Conseil";GR;NA;CH_RE-VS_2005;CH_RE-VS_2013
CH_RE-VS_2013;25mar2013;27mar2017;RE;CH;VS;NC;"Grosser Rat;Grand Conseil";GR;NA;CH_RE-VS_2009;CH_RE-VS_2017
CH_RE-VS_2017;27mar2017;2021;RE;CH;VS;NC;"Grosser Rat;Grand Conseil";GR;NA;CH_RE-VS_2013;NA
CH_RE-ZG_1942;1942;1946;RE;CH;ZG;NC;Kantonsrat;KR;NA;NA;CH_RE-ZG_1946
CH_RE-ZG_1946;1946;1950;RE;CH;ZG;NC;Kantonsrat;KR;NA;CH_RE-ZG_1942;CH_RE-ZG_1950
CH_RE-ZG_1950;1950;1954;RE;CH;ZG;NC;Kantonsrat;KR;NA;CH_RE-ZG_1946;CH_RE-ZG_1954
CH_RE-ZG_1954;1954;1958;RE;CH;ZG;NC;Kantonsrat;KR;NA;CH_RE-ZG_1950;CH_RE-ZG_1958
CH_RE-ZG_1958;1958;1962;RE;CH;ZG;NC;Kantonsrat;KR;NA;CH_RE-ZG_1954;CH_RE-ZG_1962
CH_RE-ZG_1962;1962;1966;RE;CH;ZG;NC;Kantonsrat;KR;NA;CH_RE-ZG_1958;CH_RE-ZG_1966
CH_RE-ZG_1966;1966;1970;RE;CH;ZG;NC;Kantonsrat;KR;NA;CH_RE-ZG_1962;CH_RE-ZG_1970
CH_RE-ZG_1970;1970;1974;RE;CH;ZG;NC;Kantonsrat;KR;NA;CH_RE-ZG_1966;CH_RE-ZG_1974
CH_RE-ZG_1974;1974;1978;RE;CH;ZG;NC;Kantonsrat;KR;NA;CH_RE-ZG_1970;CH_RE-ZG_1978
CH_RE-ZG_1978;1978;1982;RE;CH;ZG;NC;Kantonsrat;KR;NA;CH_RE-ZG_1974;CH_RE-ZG_1982
CH_RE-ZG_1982;1982;1986;RE;CH;ZG;NC;Kantonsrat;KR;NA;CH_RE-ZG_1978;CH_RE-ZG_1986
CH_RE-ZG_1986;1986;1990;RE;CH;ZG;NC;Kantonsrat;KR;NA;CH_RE-ZG_1982;CH_RE-ZG_1990
CH_RE-ZG_1990;1990;1994;RE;CH;ZG;NC;Kantonsrat;KR;NA;CH_RE-ZG_1986;CH_RE-ZG_1994
CH_RE-ZG_1994;1994;1998;RE;CH;ZG;NC;Kantonsrat;KR;NA;CH_RE-ZG_1990;CH_RE-ZG_1998
CH_RE-ZG_1998;1998;2002;RE;CH;ZG;NC;Kantonsrat;KR;NA;CH_RE-ZG_1994;CH_RE-ZG_2002
CH_RE-ZG_2002;2002;21dec2006;RE;CH;ZG;NC;Kantonsrat;KR;NA;CH_RE-ZG_1998;CH_RE-ZG_2006
CH_RE-ZG_2006;21dec2006;16dec2010;RE;CH;ZG;NC;Kantonsrat;KR;NA;CH_RE-ZG_2002;CH_RE-ZG_2010
CH_RE-ZG_2010;16dec2010;18dec2014;RE;CH;ZG;NC;Kantonsrat;KR;NA;CH_RE-ZG_2006;CH_RE-ZG_2014
CH_RE-ZG_2014;18dec2014;20dec2018;RE;CH;ZG;NC;Kantonsrat;KR;NA;CH_RE-ZG_2010;CH_RE-ZG_2018
CH_RE-ZG_2018;20dec2018;2022;RE;CH;ZG;NC;Kantonsrat;KR;NA;CH_RE-ZG_2014;NA
CH_RE-ZH_1943;03may1943;05may1947;RE;CH;ZH;NC;Kantonsrat;KR;NA;NA;CH_RE-ZH_1947
CH_RE-ZH_1947;05may1947;30apr1951;RE;CH;ZH;NC;Kantonsrat;KR;NA;CH_RE-ZH_1943;CH_RE-ZH_1951
CH_RE-ZH_1951;30apr1951;09may1955;RE;CH;ZH;NC;Kantonsrat;KR;NA;CH_RE-ZH_1947;CH_RE-ZH_1955
CH_RE-ZH_1955;09may1955;27apr1959;RE;CH;ZH;NC;Kantonsrat;KR;NA;CH_RE-ZH_1951;CH_RE-ZH_1959
CH_RE-ZH_1959;27apr1959;27may1963;RE;CH;ZH;NC;Kantonsrat;KR;NA;CH_RE-ZH_1955;CH_RE-ZH_1963
CH_RE-ZH_1963;27may1963;08may1967;RE;CH;ZH;NC;Kantonsrat;KR;NA;CH_RE-ZH_1959;CH_RE-ZH_1967
CH_RE-ZH_1967;08may1967;24may1971;RE;CH;ZH;NC;Kantonsrat;KR;NA;CH_RE-ZH_1963;CH_RE-ZH_1971
CH_RE-ZH_1971;24may1971;26may1975;RE;CH;ZH;NC;Kantonsrat;KR;NA;CH_RE-ZH_1967;CH_RE-ZH_1975
CH_RE-ZH_1975;26may1975;30apr1979;RE;CH;ZH;NC;Kantonsrat;KR;NA;CH_RE-ZH_1971;CH_RE-ZH_1979
CH_RE-ZH_1979;30apr1979;30may1983;RE;CH;ZH;NC;Kantonsrat;KR;NA;CH_RE-ZH_1975;CH_RE-ZH_1983
CH_RE-ZH_1983;30may1983;04may1987;RE;CH;ZH;NC;Kantonsrat;KR;NA;CH_RE-ZH_1979;CH_RE-ZH_1987
CH_RE-ZH_1987;04may1987;06may1991;RE;CH;ZH;NC;Kantonsrat;KR;NA;CH_RE-ZH_1983;CH_RE-ZH_1991
CH_RE-ZH_1991;06may1991;08may1995;RE;CH;ZH;NC;Kantonsrat;KR;NA;CH_RE-ZH_1987;CH_RE-ZH_1995
CH_RE-ZH_1995;08may1995;31may1999;RE;CH;ZH;NC;Kantonsrat;KR;NA;CH_RE-ZH_1991;CH_RE-ZH_1999
CH_RE-ZH_1999;31may1999;19may2003;RE;CH;ZH;NC;Kantonsrat;KR;NA;CH_RE-ZH_1995;CH_RE-ZH_2003
CH_RE-ZH_2003;19may2003;21may2007;RE;CH;ZH;NC;Kantonsrat;KR;NA;CH_RE-ZH_1999;CH_RE-ZH_2007
CH_RE-ZH_2007;21may2007;09may2011;RE;CH;ZH;NC;Kantonsrat;KR;NA;CH_RE-ZH_2003;CH_RE-ZH_2011
CH_RE-ZH_2011;09may2011;18may2015;RE;CH;ZH;NC;Kantonsrat;KR;NA;CH_RE-ZH_2007;CH_RE-ZH_2015
CH_RE-ZH_2015;18may2015;2019;RE;CH;ZH;NC;Kantonsrat;KR;NA;CH_RE-ZH_2011;CH_RE-ZH_2019
CH_RE-ZH_2019;2019;2023;RE;CH;ZH;NC;Kantonsrat;KR;NA;CH_RE-ZH_2015;NA
IE_NT-DE_1919;21jan1919;10may1921;NT;IE;NA;1;Dail Eireann;DE;;NA;IE_NT-DE_1921
IE_NT-DE_1921;16aug1921;16jun1922;NT;IE;NA;2;Dail Eireann;DE;;IE_NT-DE_1919;IE_NT-DE_1922
IE_NT-DE_1922;09sep1922;09aug1923;NT;IE;NA;3;Dail Eireann;DE;;IE_NT-DE_1921;IE_NT-DE_1923
IE_NT-DE_1923;19sep1923;23may1927;NT;IE;NA;4;Dail Eireann;DE;;IE_NT-DE_1922;IE_NT-DE_1927
IE_NT-DE_1927jun;23jun1927;25aug1927;NT;IE;NA;5;Dail Eireann;DE;;IE_NT-DE_1923;IE_NT-DE_1927
IE_NT-DE_1927oct;11oct1927;29jan1932;NT;IE;NA;6;Dail Eireann;DE;;IE_NT-DE_1927;IE_NT-DE_1932
IE_NT-DE_1932;09mar1932;02jan1933;NT;IE;NA;7;Dail Eireann;DE;;IE_NT-DE_1927;IE_NT-DE_1933
IE_NT-DE_1933;08feb1933;14jun1937;NT;IE;NA;8;Dail Eireann;DE;;IE_NT-DE_1932;IE_NT-DE_1937
IE_NT-DE_1937;21jul1937;27may1938;NT;IE;NA;9;Dail Eireann;DE;;IE_NT-DE_1933;IE_NT-DE_1938
IE_NT-DE_1938;30jun1938;31may1943;NT;IE;NA;10;Dail Eireann;DE;;IE_NT-DE_1937;IE_NT-DE_1943
IE_NT-DE_1943;01jul1943;10may1944;NT;IE;NA;11;Dail Eireann;DE;;IE_NT-DE_1938;IE_NT-DE_1944
IE_NT-DE_1944;09jun1944;12jan1948;NT;IE;NA;12;Dail Eireann;DE;;IE_NT-DE_1943;IE_NT-DE_1948
IE_NT-DE_1948;18feb1948;07may1951;NT;IE;NA;13;Dail Eireann;DE;;IE_NT-DE_1944;IE_NT-DE_1951
IE_NT-DE_1951;13jun1951;24apr1954;NT;IE;NA;14;Dail Eireann;DE;;IE_NT-DE_1948;IE_NT-DE_1954
IE_NT-DE_1954;02jun1954;12feb1957;NT;IE;NA;15;Dail Eireann;DE;;IE_NT-DE_1951;IE_NT-DE_1957
IE_NT-DE_1957;20mar1957;15sep1961;NT;IE;NA;16;Dail Eireann;DE;;IE_NT-DE_1954;IE_NT-DE_1961
IE_NT-DE_1961;11oct1961;18mar1965;NT;IE;NA;17;Dail Eireann;DE;;IE_NT-DE_1957;IE_NT-DE_1965
IE_NT-DE_1965;21apr1965;22may1969;NT;IE;NA;18;Dail Eireann;DE;;IE_NT-DE_1961;IE_NT-DE_1969
IE_NT-DE_1969;02jul1969;05feb1973;NT;IE;NA;19;Dail Eireann;DE;;IE_NT-DE_1965;IE_NT-DE_1973
IE_NT-DE_1973;14mar1973;25may1977;NT;IE;NA;20;Dail Eireann;DE;;IE_NT-DE_1969;IE_NT-DE_1977
IE_NT-DE_1977;05jul1977;21may1981;NT;IE;NA;21;Dail Eireann;DE;;IE_NT-DE_1973;IE_NT-DE_1981
IE_NT-DE_1981;30jun1981;27feb1982;NT;IE;NA;22;Dail Eireann;DE;;IE_NT-DE_1977;IE_NT-DE_1982mar
IE_NT-DE_1982mar;09mar1982;04nov1982;NT;IE;NA;23;Dail Eireann;DE;;IE_NT-DE_1981;IE_NT-DE_1982dec
IE_NT-DE_1982dec;14dec1982;20jan1987;NT;IE;NA;24;Dail Eireann;DE;;IE_NT-DE_1982mar;IE_NT-DE_1987
IE_NT-DE_1987;10mar1987;25may1989;NT;IE;NA;25;Dail Eireann;DE;;IE_NT-DE_1982dec;IE_NT-DE_1989
IE_NT-DE_1989;29jun1989;05nov1992;NT;IE;NA;26;Dail Eireann;DE;;IE_NT-DE_1987;IE_NT-DE_1992
IE_NT-DE_1992;14dec1992;15may1997;NT;IE;NA;27;Dail Eireann;DE;;IE_NT-DE_1989;IE_NT-DE_1997
IE_NT-DE_1997;26jun1997;25apr2002;NT;IE;NA;28;Dail Eireann;DE;;IE_NT-DE_1992;IE_NT-DE_2002
IE_NT-DE_2002;06jun2002;30apr2007;NT;IE;NA;29;Dail Eireann;DE;;IE_NT-DE_1997;IE_NT-DE_2007
IE_NT-DE_2007;14jun2007;01feb2011;NT;IE;NA;30;Dail Eireann;DE;;IE_NT-DE_2002;IE_NT-DE_2011
IE_NT-DE_2011;09mar2011;09mar2016;NT;IE;NA;31;Dail Eireann;DE;;IE_NT-DE_2007;IE_NT-DE_2016
IE_NT-DE_2016;10mar2016;14jan2020;NT;IE;NA;32;Dail Eireann;DE;;IE_NT-DE_2011;IE_NT-DE_2020
IE_NT-DE_2020;08feb2020;30jun2020[[rcen]];NT;IE;NA;33;Dail Eireann;DE;;IE_NT-DE_2016;NC
IE_NT-SE_1922;06dec1922;05dec1925;NT;IE;NA;1922;Seanad Eireann;SE;;NA;IE_NT-SE_1925
IE_NT-SE_1925;06dec1925;05dec1928;NT;IE;NA;1925;Seanad Eireann;SE;;IE_NT-SE_1922;IE_NT-SE_1928
IE_NT-SE_1928;06dec1928;05dec1931;NT;IE;NA;1928;Seanad Eireann;SE;;IE_NT-SE_1925;IE_NT-SE_1931
IE_NT-SE_1931;06dec1931;05dec1934;NT;IE;NA;1931;Seanad Eireann;SE;;IE_NT-SE_1928;IE_NT-SE_1934
IE_NT-SE_1934;06dec1934;29may1936;NT;IE;NA;1934;Seanad Eireann;SE;;IE_NT-SE_1931;IE_NT-SE_1938apr
IE_NT-SE_1938apr;27apr1938;22jul1938;NT;IE;NA;2;Seanad Eireann;SE;;IE_NT-SE_1934;IE_NT-SE_1938sep
IE_NT-SE_1938sep;07sep1938;14jul1943;NT;IE;NA;3;Seanad Eireann;SE;;IE_NT-SE_1938apr;IE_NT-SE_1943
IE_NT-SE_1943;08sep1943;05jul1944;NT;IE;NA;4;Seanad Eireann;SE;;IE_NT-SE_1938sep;IE_NT-SE_1944
IE_NT-SE_1944;18aug1944;12mar1948;NT;IE;NA;5;Seanad Eireann;SE;;IE_NT-SE_1943;IE_NT-SE_1948
IE_NT-SE_1948;21apr1948;25jul1951;NT;IE;NA;6;Seanad Eireann;SE;;IE_NT-SE_1944;IE_NT-SE_1951
IE_NT-SE_1951;14aug1951;07jul1954;NT;IE;NA;7;Seanad Eireann;SE;;IE_NT-SE_1948;IE_NT-SE_1954
IE_NT-SE_1954;22jul1954;28mar1957;NT;IE;NA;8;Seanad Eireann;SE;;IE_NT-SE_1951;IE_NT-SE_1957
IE_NT-SE_1957;22may1957;01sep1961;NT;IE;NA;9;Seanad Eireann;SE;;IE_NT-SE_1954;IE_NT-SE_1961
IE_NT-SE_1961;14dec1961;28apr1965;NT;IE;NA;10;Seanad Eireann;SE;;IE_NT-SE_1957;IE_NT-SE_1965
IE_NT-SE_1965;23jun1965;24jul1969;NT;IE;NA;11;Seanad Eireann;SE;;IE_NT-SE_1961;IE_NT-SE_1969
IE_NT-SE_1969;05nov1969;30mar1973;NT;IE;NA;12;Seanad Eireann;SE;;IE_NT-SE_1965;IE_NT-SE_1973
IE_NT-SE_1973;01jun1973;26may1977;NT;IE;NA;13;Seanad Eireann;SE;;IE_NT-SE_1969;IE_NT-SE_1977
IE_NT-SE_1977;27oct1977;16jul1981;NT;IE;NA;14;Seanad Eireann;SE;;IE_NT-SE_1973;IE_NT-SE_1981
IE_NT-SE_1981;08oct1981;16apr1982;NT;IE;NA;15;Seanad Eireann;SE;;IE_NT-SE_1977;IE_NT-SE_1982
IE_NT-SE_1982;13may1982;21dec1982;NT;IE;NA;16;Seanad Eireann;SE;;IE_NT-SE_1981;IE_NT-SE_1983
IE_NT-SE_1983;23feb1983;03apr1987;NT;IE;NA;17;Seanad Eireann;SE;;IE_NT-SE_1982;IE_NT-SE_1987
IE_NT-SE_1987;25apr1987;05jul1989;NT;IE;NA;18;Seanad Eireann;SE;;IE_NT-SE_1983;IE_NT-SE_1989
IE_NT-SE_1989;01oct1989;17dec1992;NT;IE;NA;19;Seanad Eireann;SE;;IE_NT-SE_1987;IE_NT-SE_1993
IE_NT-SE_1993;17feb1993;10jul1997;NT;IE;NA;20;Seanad Eireann;SE;;IE_NT-SE_1989;IE_NT-SE_1997
IE_NT-SE_1997;17sep1997;26jun2002;NT;IE;NA;21;Seanad Eireann;SE;;IE_NT-SE_1993;IE_NT-SE_2002
IE_NT-SE_2002;12sep2002;22jul2007;NT;IE;NA;22;Seanad Eireann;SE;;IE_NT-SE_1997;IE_NT-SE_2007
IE_NT-SE_2007;23jul2007;25apr2011;NT;IE;NA;23;Seanad Eireann;SE;;IE_NT-SE_2002;IE_NT-SE_2011
IE_NT-SE_2011;25may2011;24apr2016;NT;IE;NA;24;Seanad Eireann;SE;;IE_NT-SE_2007;IE_NT-SE_2016
IE_NT-SE_2016;25apr2016;29mar2020;NT;IE;NA;25;Seanad Eireann;SE;;IE_NT-SE_2011;IE_NT-SE_2020
IE_NT-SE_2020;30mar2020;30jun2020[[rcen]];NT;IE;NA;26;Seanad Eireann;SE;;IE_NT-SE_2016;NC
DE_RE-BW_1952;25mar1952;31mar1956;RE;DE;BW;1;Landtag;LT;;NA;DE_RE-BW_1956
DE_RE-BW_1956;01apr1956;31mar1960;RE;DE;BW;2;Landtag;LT;;DE_RE-BW_1952;DE_RE-BW_1960
DE_RE-BW_1960;01jun1960;31may1964;RE;DE;BW;3;Landtag;LT;;DE_RE-BW_1956;DE_RE-BW_1964
DE_RE-BW_1964;01jun1964;31may1968;RE;DE;BW;4;Landtag;LT;;DE_RE-BW_1960;DE_RE-BW_1968
DE_RE-BW_1968;01jun1968;31may1972;RE;DE;BW;5;Landtag;LT;;DE_RE-BW_1964;DE_RE-BW_1972
DE_RE-BW_1972;01jun1972;31may1976;RE;DE;BW;6;Landtag;LT;;DE_RE-BW_1968;DE_RE-BW_1976
DE_RE-BW_1976;01jun1976;31may1980;RE;DE;BW;7;Landtag;LT;;DE_RE-BW_1972;DE_RE-BW_1980
DE_RE-BW_1980;01jun1980;31may1984;RE;DE;BW;8;Landtag;LT;;DE_RE-BW_1976;DE_RE-BW_1984
DE_RE-BW_1984;01jun1984;31may1988;RE;DE;BW;9;Landtag;LT;;DE_RE-BW_1980;DE_RE-BW_1988
DE_RE-BW_1988;01jun1988;31may1992;RE;DE;BW;10;Landtag;LT;;DE_RE-BW_1984;DE_RE-BW_1992
DE_RE-BW_1992;01jun1992;31may1996;RE;DE;BW;11;Landtag;LT;;DE_RE-BW_1988;DE_RE-BW_1996
DE_RE-BW_1996;01jun1996;31may2001;RE;DE;BW;12;Landtag;LT;;DE_RE-BW_1992;DE_RE-BW_2001
DE_RE-BW_2001;01jun2001;31may2006;RE;DE;BW;13;Landtag;LT;;DE_RE-BW_1996;DE_RE-BW_2006
DE_RE-BW_2006;01jun2006;30apr2011;RE;DE;BW;14;Landtag;LT;;DE_RE-BW_2001;DE_RE-BW_2011
DE_RE-BW_2011;01may2011;30apr2016;RE;DE;BW;15;Landtag;LT;;DE_RE-BW_2006;DE_RE-BW_2016
DE_RE-BW_2016;01may2016;30apr2021;RE;DE;BW;16;Landtag;LT;;DE_RE-BW_2011;NC
DE_RE-BY_1946;01dec1946;25nov1950;RE;DE;BY;1;Landtag;LT;;NA;DE_RE-BY_1950
DE_RE-BY_1950;26nov1950;27nov1954;RE;DE;BY;2;Landtag;LT;;DE_RE-BY_1946;DE_RE-BY_1954
DE_RE-BY_1954;28nov1954;22nov1958;RE;DE;BY;3;Landtag;LT;;DE_RE-BY_1950;DE_RE-BY_1958
DE_RE-BY_1958;23nov1958;24nov1962;RE;DE;BY;4;Landtag;LT;;DE_RE-BY_1954;DE_RE-BY_1962
DE_RE-BY_1962;25nov1962;25nov1966;RE;DE;BY;5;Landtag;LT;;DE_RE-BY_1958;DE_RE-BY_1966
DE_RE-BY_1966;26nov1966;21nov1970;RE;DE;BY;6;Landtag;LT;;DE_RE-BY_1962;DE_RE-BY_1970
DE_RE-BY_1970;22nov1970;29oct1974;RE;DE;BY;7;Landtag;LT;;DE_RE-BY_1966;DE_RE-BY_1974
DE_RE-BY_1974;27oct1974;14oct1978;RE;DE;BY;8;Landtag;LT;;DE_RE-BY_1970;DE_RE-BY_1978
DE_RE-BY_1978;15oct1978;09oct1982;RE;DE;BY;9;Landtag;LT;;DE_RE-BY_1974;DE_RE-BY_1982
DE_RE-BY_1982;10oct1982;11oct1986;RE;DE;BY;10;Landtag;LT;;DE_RE-BY_1978;DE_RE-BY_1986
DE_RE-BY_1986;12oct1986;13oct1990;RE;DE;BY;11;Landtag;LT;;DE_RE-BY_1982;DE_RE-BY_1990
DE_RE-BY_1990;14oct1990;24sep1994;RE;DE;BY;12;Landtag;LT;;DE_RE-BY_1986;DE_RE-BY_1994
DE_RE-BY_1994;25sep1994;27sep1998;RE;DE;BY;13;Landtag;LT;;DE_RE-BY_1990;DE_RE-BY_1998
DE_RE-BY_1998;28sep1998;05oct2003;RE;DE;BY;14;Landtag;LT;;DE_RE-BY_1994;DE_RE-BY_2003
DE_RE-BY_2003;06oct2003;19oct2008;RE;DE;BY;15;Landtag;LT;;DE_RE-BY_1998;DE_RE-BY_2008
DE_RE-BY_2008;20oct2008;06oct2013;RE;DE;BY;16;Landtag;LT;;DE_RE-BY_2003;DE_RE-BY_2013
DE_RE-BY_2013;07oct2013;04sep2018;RE;DE;BY;17;Landtag;LT;;DE_RE-BY_2008;DE_RE-BY_2018
DE_RE-BY_2018;05sep2018;NC;RE;DE;BY;18;Landtag;LT;;DE_RE-BY_2013;NC
DE_RE-BE_1946;26nov1946;13jan1949;RE;DE;BE;1;Berliner Stadtverordnetenversammlung zu Zeiten Gross-Berlins;BS;;NA;DE_RE-BE_1949
DE_RE-BE_1949;14jan1949;10jan1951;RE;DE;BE;2;Berliner Stadtverordnetenversammlung zu Zeiten Gross-Berlins;BS;;DE_RE-BE_1946;NA
DE_RE-BE_1951;11jan1951;10jan1955;RE;DE;BE;1;Abgeordnetenhaus;AH;;NA;DE_RE-BE_1955
DE_RE-BE_1955;11jan1955;11jan1959;RE;DE;BE;2;Abgeordnetenhaus;AH;;DE_RE-BE_1951;DE_RE-BE_1959
DE_RE-BE_1959;12jan1959;12jan1963;RE;DE;BE;3;Abgeordnetenhaus;AH;;DE_RE-BE_1955;DE_RE-BE_1963
DE_RE-BE_1963;08mar1963;08mar1967;RE;DE;BE;4;Abgeordnetenhaus;AH;;DE_RE-BE_1959;DE_RE-BE_1967
DE_RE-BE_1967;06apr1967;06apr1971;RE;DE;BE;5;Abgeordnetenhaus;AH;;DE_RE-BE_1963;DE_RE-BE_1971
DE_RE-BE_1971;19apr1971;19apr1975;RE;DE;BE;6;Abgeordnetenhaus;AH;;DE_RE-BE_1967;DE_RE-BE_1975
DE_RE-BE_1975;24apr1975;24apr1979;RE;DE;BE;7;Abgeordnetenhaus;AH;;DE_RE-BE_1971;DE_RE-BE_1979
DE_RE-BE_1979;26apr1979;10jun1981;RE;DE;BE;8;Abgeordnetenhaus;AH;;DE_RE-BE_1975;DE_RE-BE_1981
DE_RE-BE_1981;11jun1981;17apr1985;RE;DE;BE;9;Abgeordnetenhaus;AH;;DE_RE-BE_1979;DE_RE-BE_1985
DE_RE-BE_1985;18apr1985;01mar1989;RE;DE;BE;10;Abgeordnetenhaus;AH;;DE_RE-BE_1981;DE_RE-BE_1989
DE_RE-BE_1989;02mar1989;10jan1991;RE;DE;BE;11;Abgeordnetenhaus;AH;;DE_RE-BE_1985;DE_RE-BE_1991
DE_RE-BE_1991;11jan1991;29nov1995;RE;DE;BE;12;Abgeordnetenhaus;AH;;DE_RE-BE_1989;DE_RE-BE_1995
DE_RE-BE_1995;30nov1995;17nov1999;RE;DE;BE;13;Abgeordnetenhaus;AH;;DE_RE-BE_1991;DE_RE-BE_1999
DE_RE-BE_1999;18nov1999;28nov2001;RE;DE;BE;14;Abgeordnetenhaus;AH;;DE_RE-BE_1995;DE_RE-BE_2001
DE_RE-BE_2001;29nov2001;25oct2006;RE;DE;BE;15;Abgeordnetenhaus;AH;;DE_RE-BE_1999;DE_RE-BE_2006
DE_RE-BE_2006;26oct2006;26oct2011;RE;DE;BE;16;Abgeordnetenhaus;AH;;DE_RE-BE_2001;DE_RE-BE_2011
DE_RE-BE_2011;27oct2011;26oct2016;RE;DE;BE;17;Abgeordnetenhaus;AH;;DE_RE-BE_2006;DE_RE-BE_2016
DE_RE-BE_2016;27oct2016;2021;RE;DE;BE;17;Abgeordnetenhaus;AH;;DE_RE-BE_2011;NC
DE_RE-HB_1946;17apr1946;12oct1947;RE;DE;HB;1;Buergerschaft;BS;;NA;DE_RE-HB_1947
DE_RE-HB_1947;13oct1947;12oct1951;RE;DE;HB;2;Buergerschaft;BS;;DE_RE-HB_1946;DE_RE-HB_1951
DE_RE-HB_1951;13oct1951;12oct1955;RE;DE;HB;3;Buergerschaft;BS;;DE_RE-HB_1947;DE_RE-HB_1955
DE_RE-HB_1955;13oct1955;12oct1959;RE;DE;HB;4;Buergerschaft;BS;;DE_RE-HB_1951;DE_RE-HB_1959
DE_RE-HB_1959;13oct1959;12oct1963;RE;DE;HB;5;Buergerschaft;BS;;DE_RE-HB_1955;DE_RE-HB_1963
DE_RE-HB_1963;13oct1963;12oct1967;RE;DE;HB;6;Buergerschaft;BS;;DE_RE-HB_1959;DE_RE-HB_1967
DE_RE-HB_1967;13oct1967;12oct1971;RE;DE;HB;7;Buergerschaft;BS;;DE_RE-HB_1963;DE_RE-HB_1971
DE_RE-HB_1971;13oct1971;12oct1975;RE;DE;HB;8;Buergerschaft;BS;;DE_RE-HB_1967;DE_RE-HB_1975
DE_RE-HB_1975;13oct1975;12oct1979;RE;DE;HB;9;Buergerschaft;BS;;DE_RE-HB_1971;DE_RE-HB_1979
DE_RE-HB_1979;13oct1979;12oct1983;RE;DE;HB;10;Buergerschaft;BS;;DE_RE-HB_1975;DE_RE-HB_1983
DE_RE-HB_1983;13oct1983;12oct1987;RE;DE;HB;11;Buergerschaft;BS;;DE_RE-HB_1979;DE_RE-HB_1987
DE_RE-HB_1987;13oct1987;12oct1991;RE;DE;HB;12;Buergerschaft;BS;;DE_RE-HB_1983;DE_RE-HB_1991
DE_RE-HB_1991;13oct1991;07jun1995;RE;DE;HB;13;Buergerschaft;BS;;DE_RE-HB_1987;DE_RE-HB_1995
DE_RE-HB_1995;08jun1995;07jun1999;RE;DE;HB;14;Buergerschaft;BS;;DE_RE-HB_1991;DE_RE-HB_1999
DE_RE-HB_1999;08jun1999;07jun2003;RE;DE;HB;15;Buergerschaft;BS;;DE_RE-HB_1995;DE_RE-HB_2003
DE_RE-HB_2003;08jun2003;07jun2007;RE;DE;HB;16;Buergerschaft;BS;;DE_RE-HB_1999;DE_RE-HB_2007
DE_RE-HB_2007;08jun2007;07jun2011;RE;DE;HB;17;Buergerschaft;BS;;DE_RE-HB_2003;DE_RE-HB_2011
DE_RE-HB_2011;08jun2011;07jun2015;RE;DE;HB;18;Buergerschaft;BS;;DE_RE-HB_2007;DE_RE-HB_2015
DE_RE-HB_2015;08jun2015;07jun2019;RE;DE;HB;19;Buergerschaft;BS;;DE_RE-HB_2011;DE_RE-HB_2019
DE_RE-HB_2019;08jun2019;NC;RE;DE;HB;20;Buergerschaft;BS;;DE_RE-HB_2015;NC
DE_RE-HH_1946;30oct1946;08nov1949;RE;DE;HH;1;Buergerschaft;BS;;NA;DE_RE-HH_1949
DE_RE-HH_1949;09nov1949;19nov1953;RE;DE;HH;2;Buergerschaft;BS;;DE_RE-HH_1946;DE_RE-HH_1953
DE_RE-HH_1953;20nov1953;26nov1957;RE;DE;HH;3;Buergerschaft;BS;;DE_RE-HH_1949;DE_RE-HH_1957
DE_RE-HH_1957;27nov1957;28nov1961;RE;DE;HH;4;Buergerschaft;BS;;DE_RE-HH_1953;DE_RE-HH_1961
DE_RE-HH_1961;29nov1961;12apr1966;RE;DE;HH;5;Buergerschaft;BS;;DE_RE-HH_1957;DE_RE-HH_1966
DE_RE-HH_1966;13apr1966;13apr1970;RE;DE;HH;6;Buergerschaft;BS;;DE_RE-HH_1961;DE_RE-HH_1970
DE_RE-HH_1970;14apr1970;16apr1974;RE;DE;HH;7;Buergerschaft;BS;;DE_RE-HH_1966;DE_RE-HH_1974
DE_RE-HH_1974;17apr1974;19jun1978;RE;DE;HH;8;Buergerschaft;BS;;DE_RE-HH_1970;DE_RE-HH_1978
DE_RE-HH_1978;20jun1978;22jun1982;RE;DE;HH;9;Buergerschaft;BS;;DE_RE-HH_1974;DE_RE-HH_1982
DE_RE-HH_1982;23jun1982;04jan1983;RE;DE;HH;10;Buergerschaft;BS;;DE_RE-HH_1978;DE_RE-HH_1983
DE_RE-HH_1983;05jan1983;25nov1986;RE;DE;HH;11;Buergerschaft;BS;;DE_RE-HH_1982;DE_RE-HH_1986
DE_RE-HH_1986;26nov1986;02jun1987;RE;DE;HH;12;Buergerschaft;BS;;DE_RE-HH_1983;DE_RE-HH_1987
DE_RE-HH_1987;03jun1987;18jun1991;RE;DE;HH;13;Buergerschaft;BS;;DE_RE-HH_1986;DE_RE-HH_1991
DE_RE-HH_1991;19jun1991;05oct1993;RE;DE;HH;14;Buergerschaft;BS;;DE_RE-HH_1987;DE_RE-HH_1993
DE_RE-HH_1993;06oct1993;07oct1997;RE;DE;HH;15;Buergerschaft;BS;;DE_RE-HH_1991;DE_RE-HH_1997
DE_RE-HH_1997;08oct1997;09oct2001;RE;DE;HH;16;Buergerschaft;BS;;DE_RE-HH_1993;DE_RE-HH_2001
DE_RE-HH_2001;10oct2001;16mar2004;RE;DE;HH;17;Buergerschaft;BS;;DE_RE-HH_1997;DE_RE-HH_2004
DE_RE-HH_2004;17mar2004;11mar2008;RE;DE;HH;18;Buergerschaft;BS;;DE_RE-HH_2001;DE_RE-HH_2008
DE_RE-HH_2008;12mar2008;06mar2011;RE;DE;HH;19;Buergerschaft;BS;;DE_RE-HH_2004;DE_RE-HH_2011
DE_RE-HH_2011;07mar2011;01mar2015;RE;DE;HH;20;Buergerschaft;BS;;DE_RE-HH_2008;DE_RE-HH_2015
DE_RE-HH_2015;02mar2015;NC;RE;DE;HH;21;Buergerschaft;BS;;DE_RE-HH_2011;NC
DE_RE-HE_1946;01dec1946;30nov1950;RE;DE;HE;1;Landtag;LT;;NA;DE_RE-HE_1950
DE_RE-HE_1950;01dec1950;30nov1954;RE;DE;HE;2;Landtag;LT;;DE_RE-HE_1946;DE_RE-HE_1954
DE_RE-HE_1954;01dec1954;30nov1958;RE;DE;HE;3;Landtag;LT;;DE_RE-HE_1950;DE_RE-HE_1958
DE_RE-HE_1958;01dec1958;30nov1962;RE;DE;HE;4;Landtag;LT;;DE_RE-HE_1954;DE_RE-HE_1962
DE_RE-HE_1962;01dec1962;30nov1966;RE;DE;HE;5;Landtag;LT;;DE_RE-HE_1958;DE_RE-HE_1966
DE_RE-HE_1966;01dec1966;30nov1970;RE;DE;HE;6;Landtag;LT;;DE_RE-HE_1962;DE_RE-HE_1970
DE_RE-HE_1970;01dec1970;30nov1974;RE;DE;HE;7;Landtag;LT;;DE_RE-HE_1966;DE_RE-HE_1974
DE_RE-HE_1974;01dec1974;30nov1978;RE;DE;HE;8;Landtag;LT;;DE_RE-HE_1970;DE_RE-HE_1978
DE_RE-HE_1978;01dec1978;30nov1982;RE;DE;HE;9;Landtag;LT;;DE_RE-HE_1974;DE_RE-HE_1982
DE_RE-HE_1982;01dec1982;04aug1983;RE;DE;HE;10;Landtag;LT;;DE_RE-HE_1978;DE_RE-HE_1983
DE_RE-HE_1983;25sep1983;17feb1987;RE;DE;HE;11;Landtag;LT;;DE_RE-HE_1982;DE_RE-HE_1987
DE_RE-HE_1987;05apr1987;04apr1991;RE;DE;HE;12;Landtag;LT;;DE_RE-HE_1983;DE_RE-HE_1991
DE_RE-HE_1991;05apr1991;04apr1995;RE;DE;HE;13;Landtag;LT;;DE_RE-HE_1987;DE_RE-HE_1995
DE_RE-HE_1995;05apr1995;04apr1999;RE;DE;HE;14;Landtag;LT;;DE_RE-HE_1991;DE_RE-HE_1999
DE_RE-HE_1999;05apr1999;04apr2003;RE;DE;HE;15;Landtag;LT;;DE_RE-HE_1995;DE_RE-HE_2003
DE_RE-HE_2003;05apr2003;04apr2008;RE;DE;HE;16;Landtag;LT;;DE_RE-HE_1999;DE_RE-HE_2008
DE_RE-HE_2008;05apr2008;19nov2008;RE;DE;HE;17;Landtag;LT;;DE_RE-HE_2003;DE_RE-HE_2009
DE_RE-HE_2009;18jan2009;17jan2014;RE;DE;HE;18;Landtag;LT;;DE_RE-HE_2008;DE_RE-HE_2014
DE_RE-HE_2014;18jan2014;17jan2019;RE;DE;HE;19;Landtag;LT;;DE_RE-HE_2009;DE_RE-HE_2019
DE_RE-HE_2019;18jan2019;NC;RE;DE;HE;20;Landtag;LT;;DE_RE-HE_2014;NC
DE_RE-MV_1990;26oct1990;14nov1994;RE;DE;MV;1;Landtag;LT;;NA;DE_RE-MV_1994
DE_RE-MV_1994;15nov1994;25oct1998;RE;DE;MV;2;Landtag;LT;;DE_RE-MV_1990;DE_RE-MV_1998
DE_RE-MV_1998;26oct1998;21oct2002;RE;DE;MV;3;Landtag;LT;;DE_RE-MV_1994;DE_RE-MV_2002
DE_RE-MV_2002;22oct2002;15oct2006;RE;DE;MV;4;Landtag;LT;;DE_RE-MV_1998;DE_RE-MV_2006
DE_RE-MV_2006;16oct2006;03oct2011;RE;DE;MV;5;Landtag;LT;;DE_RE-MV_2002;DE_RE-MV_2011
DE_RE-MV_2011;04oct2011;03oct2016;RE;DE;MV;6;Landtag;LT;;DE_RE-MV_2006;DE_RE-MV_2016
DE_RE-MV_2016;04oct2016;NC;RE;DE;MV;7;Landtag;LT;;DE_RE-MV_2011;NC
DE_RE-NI_1947;20apr1947;12may1951;RE;DE;NI;1;Landtag;LT;;NA;DE_RE-NI_1951
DE_RE-NI_1951;13may1951;12may1955;RE;DE;NI;2;Landtag;LT;;DE_RE-NI_1947;DE_RE-NI_1955
DE_RE-NI_1955;13may1955;12may1959;RE;DE;NI;3;Landtag;LT;;DE_RE-NI_1951;DE_RE-NI_1959
DE_RE-NI_1959;13may1959;1963;RE;DE;NI;4;Landtag;LT;;DE_RE-NI_1955;DE_RE-NI_1963
DE_RE-NI_1963;1963;1967;RE;DE;NI;5;Landtag;LT;;DE_RE-NI_1959;DE_RE-NI_1967
DE_RE-NI_1967;1967;19jun1970;RE;DE;NI;6;Landtag;LT;;DE_RE-NI_1963;DE_RE-NI_1970
DE_RE-NI_1970;20jun1970;19jun1974;RE;DE;NI;7;Landtag;LT;;DE_RE-NI_1967;DE_RE-NI_1974
DE_RE-NI_1974;20jun1974;19jun1978;RE;DE;NI;8;Landtag;LT;;DE_RE-NI_1970;DE_RE-NI_1978
DE_RE-NI_1978;20jun1978;19jun1982;RE;DE;NI;9;Landtag;LT;;DE_RE-NI_1974;DE_RE-NI_1982
DE_RE-NI_1982;20jun1982;19jun1986;RE;DE;NI;10;Landtag;LT;;DE_RE-NI_1978;DE_RE-NI_1986
DE_RE-NI_1986;20jun1986;19jun1990;RE;DE;NI;11;Landtag;LT;;DE_RE-NI_1982;DE_RE-NI_1990
DE_RE-NI_1990;20jun1990;22jun1994;RE;DE;NI;12;Landtag;LT;;DE_RE-NI_1986;DE_RE-NI_1994
DE_RE-NI_1994;23jun1994;29mar1998;RE;DE;NI;13;Landtag;LT;;DE_RE-NI_1990;DE_RE-NI_1998
DE_RE-NI_1998;30mar1998;03mar2003;RE;DE;NI;14;Landtag;LT;;DE_RE-NI_1994;DE_RE-NI_2003
DE_RE-NI_2003;04mar2003;25feb2008;RE;DE;NI;15;Landtag;LT;;DE_RE-NI_1998;DE_RE-NI_2008
DE_RE-NI_2008;26feb2008;18feb2013;RE;DE;NI;16;Landtag;LT;;DE_RE-NI_2003;DE_RE-NI_2013
DE_RE-NI_2013;19feb2013;14oct2017;RE;DE;NI;17;Landtag;LT;;DE_RE-NI_2008;DE_RE-NI_2017
DE_RE-NI_2017;15oct2017;NC;RE;DE;NI;18;Landtag;LT;;DE_RE-NI_2013;NC
DE_RE-NW_1947;20apr1947;17jun1950;RE;DE;NW;1;Landtag;LT;;NA;DE_RE-NW_1950
DE_RE-NW_1950;05jul1950;04jul1954;RE;DE;NW;2;Landtag;LT;;DE_RE-NW_1947;DE_RE-NW_1954
DE_RE-NW_1954;13jul1954;12jul1958;RE;DE;NW;3;Landtag;LT;;DE_RE-NW_1950;DE_RE-NW_1958
DE_RE-NW_1958;21jul1958;20jul1962;RE;DE;NW;4;Landtag;LT;;DE_RE-NW_1954;DE_RE-NW_1962
DE_RE-NW_1962;23jul1962;23jul1966;RE;DE;NW;5;Landtag;LT;;DE_RE-NW_1958;DE_RE-NW_1966
DE_RE-NW_1966;25jul1966;25jul1970;RE;DE;NW;6;Landtag;LT;;DE_RE-NW_1962;DE_RE-NW_1970
DE_RE-NW_1970;27jul1970;27may1975;RE;DE;NW;7;Landtag;LT;;DE_RE-NW_1966;DE_RE-NW_1975
DE_RE-NW_1975;28may1975;28may1980;RE;DE;NW;8;Landtag;LT;;DE_RE-NW_1970;DE_RE-NW_1980
DE_RE-NW_1980;29may1980;29may1985;RE;DE;NW;9;Landtag;LT;;DE_RE-NW_1975;DE_RE-NW_1985
DE_RE-NW_1985;30may1985;29may1990;RE;DE;NW;10;Landtag;LT;;DE_RE-NW_1980;DE_RE-NW_1990
DE_RE-NW_1990;31may1990;31may1995;RE;DE;NW;11;Landtag;LT;;DE_RE-NW_1985;DE_RE-NW_1995
DE_RE-NW_1995;01jun1995;01jun2000;RE;DE;NW;12;Landtag;LT;;DE_RE-NW_1990;DE_RE-NW_2000
DE_RE-NW_2000;02jun2000;02jun2005;RE;DE;NW;13;Landtag;LT;;DE_RE-NW_1995;DE_RE-NW_2005
DE_RE-NW_2005;08jun2005;08jun2010;RE;DE;NW;14;Landtag;LT;;DE_RE-NW_2000;DE_RE-NW_2010
DE_RE-NW_2010;09jun2010;14mar2012;RE;DE;NW;15;Landtag;LT;;DE_RE-NW_2005;DE_RE-NW_2012
DE_RE-NW_2012;31may2012;31may2017;RE;DE;NW;16;Landtag;LT;;DE_RE-NW_2010;DE_RE-NW_2017
DE_RE-NW_2017;01jun2017;NC;RE;DE;NW;17;Landtag;LT;;DE_RE-NW_2012;NC
DE_RE-RP_1947;18may1947;17may1951;RE;DE;RP;1;Landtag;LT;;NA;DE_RE-RP_1951
DE_RE-RP_1951;18may1951;17may1955;RE;DE;RP;2;Landtag;LT;;DE_RE-RP_1947;DE_RE-RP_1955
DE_RE-RP_1955;18may1955;17may1959;RE;DE;RP;3;Landtag;LT;;DE_RE-RP_1951;DE_RE-RP_1959
DE_RE-RP_1959;18may1959;17may1963;RE;DE;RP;4;Landtag;LT;;DE_RE-RP_1955;DE_RE-RP_1963
DE_RE-RP_1963;18may1963;17may1967;RE;DE;RP;5;Landtag;LT;;DE_RE-RP_1959;DE_RE-RP_1967
DE_RE-RP_1967;18may1967;17may1971;RE;DE;RP;6;Landtag;LT;;DE_RE-RP_1963;DE_RE-RP_1971
DE_RE-RP_1971;18may1971;17may1975;RE;DE;RP;7;Landtag;LT;;DE_RE-RP_1967;DE_RE-RP_1975
DE_RE-RP_1975;18may1975;17may1979;RE;DE;RP;8;Landtag;LT;;DE_RE-RP_1971;DE_RE-RP_1979
DE_RE-RP_1979;18may1979;17may1983;RE;DE;RP;9;Landtag;LT;;DE_RE-RP_1975;DE_RE-RP_1983
DE_RE-RP_1983;18may1983;17may1987;RE;DE;RP;10;Landtag;LT;;DE_RE-RP_1979;DE_RE-RP_1987
DE_RE-RP_1987;18may1987;17may1991;RE;DE;RP;11;Landtag;LT;;DE_RE-RP_1983;DE_RE-RP_1991
DE_RE-RP_1991;18may1991;17may1996;RE;DE;RP;12;Landtag;LT;;DE_RE-RP_1987;DE_RE-RP_1996
DE_RE-RP_1996;18may1996;17may2001;RE;DE;RP;13;Landtag;LT;;DE_RE-RP_1991;DE_RE-RP_2001
DE_RE-RP_2001;18may2001;17may2006;RE;DE;RP;14;Landtag;LT;;DE_RE-RP_1996;DE_RE-RP_2006
DE_RE-RP_2006;18may2006;17may2011;RE;DE;RP;15;Landtag;LT;;DE_RE-RP_2001;DE_RE-RP_2011
DE_RE-RP_2011;18may2011;17may2016;RE;DE;RP;16;Landtag;LT;;DE_RE-RP_2006;DE_RE-RP_2016
DE_RE-RP_2016;18may2016;NC;RE;DE;RP;17;Landtag;LT;;DE_RE-RP_2011;NC
DE_RE-SL_1947;14dec1947;15dec1952;RE;DE;SL;1;Landtag;LT;;NA;DE_RE-SL_1952
DE_RE-SL_1952;1952;17dec1955;RE;DE;SL;2;Landtag;LT;;DE_RE-SL_1947;DE_RE-SL_1955
DE_RE-SL_1955;1955;02jan1961;RE;DE;SL;3;Landtag;LT;;DE_RE-SL_1952;DE_RE-SL_1960
DE_RE-SL_1960;1960;30jun1965;RE;DE;SL;4;Landtag;LT;;DE_RE-SL_1955;DE_RE-SL_1965
DE_RE-SL_1965;1965;10jul1970;RE;DE;SL;5;Landtag;LT;;DE_RE-SL_1960;DE_RE-SL_1970
DE_RE-SL_1970;1970;13jul1975;RE;DE;SL;6;Landtag;LT;;DE_RE-SL_1965;DE_RE-SL_1975
DE_RE-SL_1975;14jul1975;20may1980;RE;DE;SL;7;Landtag;LT;;DE_RE-SL_1970;DE_RE-SL_1980
DE_RE-SL_1980;21may1980;08apr1985;RE;DE;SL;8;Landtag;LT;;DE_RE-SL_1975;DE_RE-SL_1985
DE_RE-SL_1985;09apr1985;20feb1990;RE;DE;SL;9;Landtag;LT;;DE_RE-SL_1980;DE_RE-SL_1990
DE_RE-SL_1990;21feb1990;08nov1994;RE;DE;SL;10;Landtag;LT;;DE_RE-SL_1985;DE_RE-SL_1994
DE_RE-SL_1994;09nov1994;28sep1999;RE;DE;SL;11;Landtag;LT;;DE_RE-SL_1990;DE_RE-SL_1999
DE_RE-SL_1999;29sep1999;28sep2004;RE;DE;SL;12;Landtag;LT;;DE_RE-SL_1994;DE_RE-SL_2004
DE_RE-SL_2004;29sep2004;22sep2009;RE;DE;SL;13;Landtag;LT;;DE_RE-SL_1999;DE_RE-SL_2009
DE_RE-SL_2009;23sep2009;23apr2012;RE;DE;SL;14;Landtag;LT;;DE_RE-SL_2004;DE_RE-SL_2012
DE_RE-SL_2012;24apr2012;24apr2017;RE;DE;SL;15;Landtag;LT;;DE_RE-SL_2009;DE_RE-SL_2017
DE_RE-SL_2017;25apr2017;NC;RE;DE;SL;16;Landtag;LT;;DE_RE-SL_2012;NC
DE_RE-SN_1990;27oct1990;05oct1994;RE;DE;SN;1;Landtag;LT;;NA;DE_RE-SN_1994
DE_RE-SN_1994;06oct1994;12oct1999;RE;DE;SN;2;Landtag;LT;;DE_RE-SN_1990;DE_RE-SN_1999
DE_RE-SN_1999;13oct1999;18oct2004;RE;DE;SN;3;Landtag;LT;;DE_RE-SN_1994;DE_RE-SN_2004
DE_RE-SN_2004;19oct2004;28sep2009;RE;DE;SN;4;Landtag;LT;;DE_RE-SN_1999;DE_RE-SN_2009
DE_RE-SN_2009;29sep2009;28sep2014;RE;DE;SN;5;Landtag;LT;;DE_RE-SN_2004;DE_RE-SN_2014
DE_RE-SN_2014;29sep2014;30sep2019;RE;DE;SN;6;Landtag;LT;;DE_RE-SN_2009;DE_RE-SN_2019
DE_RE-SN_2019;01oct2019;NC;RE;DE;SN;7;Landtag;LT;;DE_RE-SN_2014;NC
DE_RE-ST_1990;28oct1990;20jul1994;RE;DE;ST;1;Landtag;LT;;NA;DE_RE-ST_1994
DE_RE-ST_1994;21jul1994;24may1998;RE;DE;ST;2;Landtag;LT;;DE_RE-ST_1990;DE_RE-ST_1998
DE_RE-ST_1998;25may1998;15may2002;RE;DE;ST;3;Landtag;LT;;DE_RE-ST_1994;DE_RE-ST_2002
DE_RE-ST_2002;16may2002;23apr2006;RE;DE;ST;4;Landtag;LT;;DE_RE-ST_1998;DE_RE-ST_2006
DE_RE-ST_2006;24apr2006;18apr2011;RE;DE;ST;5;Landtag;LT;;DE_RE-ST_2002;DE_RE-ST_2011
DE_RE-ST_2011;19apr2011;11apr2016;RE;DE;ST;6;Landtag;LT;;DE_RE-ST_2006;DE_RE-ST_2016
DE_RE-ST_2016;12apr2016;NC;RE;DE;ST;7;Landtag;LT;;DE_RE-ST_2011;NC
DE_RE-SH_1947;08may1947;31may1950;RE;DE;SH;1;Landtag;LT;;NA;DE_RE-SH_1950
DE_RE-SH_1950;07aug1950;06aug1954;RE;DE;SH;2;Landtag;LT;;DE_RE-SH_1947;DE_RE-SH_1954
DE_RE-SH_1954;11oct1954;10oct1958;RE;DE;SH;3;Landtag;LT;;DE_RE-SH_1950;DE_RE-SH_1958
DE_RE-SH_1958;27oct1958;26oct1962;RE;DE;SH;4;Landtag;LT;;DE_RE-SH_1954;DE_RE-SH_1962
DE_RE-SH_1962;29oct1962;28apr1967;RE;DE;SH;5;Landtag;LT;;DE_RE-SH_1958;DE_RE-SH_1967
DE_RE-SH_1967;16may1967;15may1971;RE;DE;SH;6;Landtag;LT;;DE_RE-SH_1962;DE_RE-SH_1971
DE_RE-SH_1971;24may1971;24may1975;RE;DE;SH;7;Landtag;LT;;DE_RE-SH_1967;DE_RE-SH_1975
DE_RE-SH_1975;26may1975;26may1979;RE;DE;SH;8;Landtag;LT;;DE_RE-SH_1971;DE_RE-SH_1979
DE_RE-SH_1979;29may1979;11apr1983;RE;DE;SH;9;Landtag;LT;;DE_RE-SH_1975;DE_RE-SH_1983
DE_RE-SH_1983;12apr1983;01oct1987;RE;DE;SH;10;Landtag;LT;;DE_RE-SH_1979;DE_RE-SH_1987
DE_RE-SH_1987;02oct1987;30may1988;RE;DE;SH;11;Landtag;LT;;DE_RE-SH_1983;DE_RE-SH_1988
DE_RE-SH_1988;31may1988;04may1992;RE;DE;SH;12;Landtag;LT;;DE_RE-SH_1987;DE_RE-SH_1992
DE_RE-SH_1992;05may1992;22apr1996;RE;DE;SH;13;Landtag;LT;;DE_RE-SH_1988;DE_RE-SH_1996
DE_RE-SH_1996;23apr1996;27mar2000;RE;DE;SH;14;Landtag;LT;;DE_RE-SH_1992;DE_RE-SH_2000
DE_RE-SH_2000;28mar2000;16mar2005;RE;DE;SH;15;Landtag;LT;;DE_RE-SH_1996;DE_RE-SH_2005
DE_RE-SH_2005;17mar2005;26oct2009;RE;DE;SH;16;Landtag;LT;;DE_RE-SH_2000;DE_RE-SH_2009
DE_RE-SH_2009;27oct2009;04jun2012;RE;DE;SH;17;Landtag;LT;;DE_RE-SH_2005;DE_RE-SH_2012
DE_RE-SH_2012;05jun2012;05jun2017;RE;DE;SH;18;Landtag;LT;;DE_RE-SH_2009;DE_RE-SH_2017
DE_RE-SH_2017;06jun2017;NC;RE;DE;SH;19;Landtag;LT;;DE_RE-SH_2012;NC
DE_RE-TH_1990;25oct1990;09nov1994;RE;DE;TH;1;Landtag;LT;;NA;DE_RE-TH_1994
DE_RE-TH_1994;10nov1994;30sep1999;RE;DE;TH;2;Landtag;LT;;DE_RE-TH_1990;DE_RE-TH_1999
DE_RE-TH_1999;01oct1999;07jul2004;RE;DE;TH;3;Landtag;LT;;DE_RE-TH_1994;DE_RE-TH_2004
DE_RE-TH_2004;08jul2004;28sep2009;RE;DE;TH;4;Landtag;LT;;DE_RE-TH_1999;DE_RE-TH_2009
DE_RE-TH_2009;29sep2009;13oct2014;RE;DE;TH;5;Landtag;LT;;DE_RE-TH_2004;DE_RE-TH_2014
DE_RE-TH_2014;14oct2014;25nov2019;RE;DE;TH;6;Landtag;LT;;DE_RE-TH_2009;DE_RE-TH_2019
DE_RE-TH_2019;26nov2019;NC;RE;DE;TH;7;Landtag;LT;;DE_RE-TH_2014;NC
UK_RE-SC_1999;12may1999;31mar2003;RE;UK;SC;1;Scottish Parliament;SP;"UK_Lab_RE-SC;UK_LD_RE-SC";NA;UK_RE-SC_2003
UK_RE-SC_2003;07may2003;02apr2007;RE;UK;SC;2;Scottish Parliament;SP;"UK_Lab_RE-SC;UK_LD_RE-SC";UK_RE-SC_1999;UK_RE-SC_2007
UK_RE-SC_2007;14may2007;22mar2011;RE;UK;SC;3;Scottish Parliament;SP;UK_SNP_RE-SC;UK_RE-SC_2003;UK_RE-SC_2011
UK_RE-SC_2011;11may2011;24mar2016;RE;UK;SC;4;Scottish Parliament;SP;UK_SNP_RE-SC;UK_RE-SC_2007;UK_RE-SC_2016
UK_RE-SC_2016;12may2016;31jul2020[[rcen]];RE;UK;SC;5;Scottish Parliament;SP;UK_SNP_RE-SC;UK_RE-SC_2011;NC
